"","Acer_negundo","Acer_rubrum","Acer_saccharinum","Acer_saccharum","Aesculus_flava","Ailanthus_altissima","Amelanchier_arborea","Asimina_triloba","Betula_nigra","Carpinus_caroliniana","Carya_spp","Castanea_dentata","Celtis_occidentalis","Cercis_canadensis","Cornus_alternifolia","Cornus_amomum","Cornus_florida","Corylus_americana","Crataegus_spp","Elaeagnus_umbellata","Fagus_grandifolia","Fraxinus_americana","Fraxinus_pennsylvanica","Hamamelis_virginiana","Hypericum_spathulatum","Juglans_nigra","Lindera_benzoin","Liriodendron_tulipifera","Lonicera_japonica","Lonicera_maackii","Nyssa_sylvatica","Ostrya_virginiana","Oxydendrum_arboreum","Parthenocissus_quinquefolia","Pinus_rigida","Pinus_strobus","Platanus_occidentalis","Populus_grandidentata","Prunus_serotina","Quercus_alba","Quercus_coccinea","Quercus_imbricaria","Quercus_montana","Quercus_rubra","Quercus_velutina","Rhus_copallinum","Rhus_glabra","Rhus_typhina","Robinia_pseudoacacia","Rosa_multiflora","Rubus_allegheniensis","Rubus_occidentalis","Sambucus_canadensis","Sassafras_albidum","Smilax_spp","Spiraea_tomentosa","Tilia_americana","Toxicodendron_radicans","Ulmus_americana","Ulmus_rubra","Vaccinium_spp","Viburnum_acerifolium","Viburnum_dentatum","Viburnum_prunifolium","Vitis_spp"
"1",0,127.323954473516,0,633.937483719028,0,0,127.323954473516,0,0,63.6619772367581,1219.35944543235,0,0,445.633840657307,0,0,0,0,0,0,0,1043.51996895312,0,0,0,0,0,0,0,0,0,0,0,63.6619772367581,0,0,0,0,12.4641665824963,0,0,0,1015.90934713958,343.238219348783,636.619772367581,0,0,0,0,0,0,763.943726841098,0,63.6619772367581,3628.73270249521,0,0,0,0,0,0,827.605704077856,0,0,0
"2",0,265.770931205252,0,127.323954473516,0,0,0,0,0,0,0,0,0,0,0,0,0,0,0,0,1485.1303766376,0,0,0,0,0,0,76.1261438192544,0,0,76.1261438192544,0,12.4641665824963,0,0,0,0,0,0,74.7849994949778,0,0,0,0,0,0,0,0,0,0,0,0,0,0,1082.25361302489,0,0,0,0,0,0,0,0,0,0
"3",0,87.2491660774741,0,290.699264370245,63.6619772367581,0,0,0,0,0,37.3924997474889,0,0,0,0,0,63.6619772367581,318.309886183791,0,0,1246.97006724589,509.295817894065,0,0,0,0,1464.22547644544,74.7849994949778,0,0,190.985931710274,0,0,0,0,0,0,0,0,12.4641665824963,0,0,152.252287638509,127.323954473516,0,0,0,0,0,0,0,0,0,0,2801.12699841736,0,267.112075529529,0,0,203.450098292771,0,63.6619772367581,0,0,0
"4",0,163.375309896729,0,556.470195575497,0,0,1540.35162026469,0,0,2164.50722604978,163.375309896729,0,0,0,0,0,318.309886183791,63.6619772367581,127.323954473516,0,254.647908947033,763.943726841098,0,0,0,0,0,0,0,0,12.4641665824963,6493.52167814933,0,0,0,0,0,0,0,139.788121056013,12.4641665824963,0,24.9283331649926,572.957795130823,0,0,0,0,0,0,0,0,0,0,0,0,12.4641665824963,0,0,0,0,1909.85931710274,0,0,0
"5",0,12.4641665824963,0,162.034165572452,0,0,63.6619772367581,0,0,0,267.112075529529,0,0,458.098007239803,0,0,0,0,0,0,0,1985.985460922,0,0,0,12.4641665824963,700.281749604339,0,0,0,0,3908.30894460724,0,0,0,0,0,0,0,177.180620803501,0,0,49.8566663299852,215.914264875267,0,0,0,0,0,0,0,0,0,0,6429.85970091257,0,0,0,0,0,0,2673.80304394384,0,63.6619772367581,0
"6",0,93.1920807040084,0,202.108953968494,0,0,0,0,0,297.089227104871,41.5472219416544,0,0,0,0,0,42.4413181578388,0,0,0,906.098377658907,220.516035177525,0,0,0,0,3947.042588679,49.8566663299852,0,0,184.595968975648,59.0602069345005,24.9283331649926,0,0,0,0,0,0,16.6188887766617,0,0,0,24.9283331649926,0,0,0,0,0,0,0,0,0,8.30944438833087,891.267681314614,0,0,0,0,0,0,0,0,0,0
"7",0,112.177499242467,0,76.1261438192544,0,0,0,0,0,63.6619772367581,190.985931710274,0,0,2100.84524881302,0,0,127.323954473516,0,0,0,254.647908947033,4456.33840657307,2737.4650211806,0,0,0,4392.67642933631,124.641665824963,1082.25361302489,572.957795130823,343.238219348783,0,37.3924997474889,63.6619772367581,0,224.354998484934,0,0,12.4641665824963,0,0,0,0,0,63.6619772367581,0,0,0,0,4965.63422446713,0,254.647908947033,0,330.774052766287,2291.83118052329,0,0,0,318.309886183791,63.6619772367581,0,190.985931710274,0,254.647908947033,254.647908947033
"8",0,74.7849994949778,0,12.4641665824963,0,0,190.985931710274,0,0,381.971863420549,838.728726336075,0,0,0,0,0,0,190.985931710274,0,572.957795130823,1031.05580237063,0,0,0,0,0,891.267681314614,0,0,0,0,0,0,0,0,0,0,0,0,1079.57132437634,0,0,279.576242112025,190.985931710274,318.309886183791,0,0,0,0,63.6619772367581,0,0,0,0,4329.01445209955,0,0,0,12.4641665824963,0,0,0,0,0,0
"9",0,37.3924997474889,0,49.8566663299852,0,0,0,127.323954473516,0,139.788121056013,12.4641665824963,0,0,0,0,0,0,0,0,0,2009.57264976271,572.957795130823,0,0,0,0,1082.25361302489,62.3208329124815,0,0,0,0,0,0,0,0,0,0,0,0,0,0,0,24.9283331649926,12.4641665824963,0,0,0,0,254.647908947033,0,0,0,0,954.929658551372,0,24.9283331649926,0,0,0,0,0,0,0,0
"10",0,2481.47596790929,0,127.323954473516,127.323954473516,0,1209.5775674984,63.6619772367581,0,700.281749604339,1119.64611277238,0,0,0,0,0,63.6619772367581,0,0,0,891.267681314614,63.6619772367581,0,0,0,0,0,355.70238593128,0,0,1552.81578684719,0,292.040408694521,0,0,0,0,0,63.6619772367581,24.9283331649926,139.788121056013,0,0,903.73184789711,63.6619772367581,127.323954473516,0,0,0,0,0,0,0,763.943726841098,8721.69088143586,63.6619772367581,0,0,0,0,0,700.281749604339,0,0,381.971863420549
"11",0,74.7849994949778,0,456.756862915527,636.619772367581,0,63.6619772367581,0,0,572.957795130823,49.8566663299852,0,0,0,0,0,190.985931710274,0,127.323954473516,0,660.206961208297,572.957795130823,0,0,0,0,63.6619772367581,24.9283331649926,0,0,24.9283331649926,0,0,0,0,0,0,0,0,49.8566663299852,0,0,0,139.788121056013,0,0,0,0,0,0,0,0,0,0,827.605704077856,0,0,0,0,330.774052766287,0,63.6619772367581,0,1018.59163578813,0
"12",0,101.054476984247,0,0,0,0,254.647908947033,0,0,4023.16873249826,163.375309896729,0,0,1464.22547644544,0,0,521.759984476561,0,127.323954473516,63.6619772367581,891.267681314614,1399.2223548844,0,0,0,0,4583.66236104659,24.9283331649926,0,0,152.252287638509,203.450098292771,0,63.6619772367581,0,0,0,0,12.4641665824963,343.238219348783,0,0,0,278.235097787749,127.323954473516,0,0,0,0,3246.76083907466,0,318.309886183791,0,0,1018.59163578813,0,0,0,0,394.436030003045,0,381.971863420549,0,0,0
"13",0,276.893953463472,0,0,0,0,0,0,0,0,63.6619772367581,0,0,12.4641665824963,0,0,0,0,0,0,267.112075529529,0,0,0,0,0,0,228.378431457763,0,0,954.929658551372,0,544.006028993001,0,12.4641665824963,0,0,37.3924997474889,0,12.4641665824963,236.81916506743,0,2960.47887534126,12.4641665824963,127.323954473516,0,0,0,0,0,0,0,0,700.281749604339,6302.53574643906,0,0,0,0,0,63.6619772367581,0,0,0,0
"14",0,532.883006734781,0,24.9283331649926,0,0,63.6619772367581,0,0,127.323954473516,63.6619772367581,0,0,0,0,0,12.4641665824963,0,0,0,772.384460450764,127.323954473516,0,0,0,0,0,12.4641665824963,0,0,394.436030003045,190.985931710274,0,0,0,0,0,0,0,0,0,0,175.839476479225,76.1261438192544,127.323954473516,0,0,0,0,254.647908947033,0,0,0,0,2801.12699841736,0,0,0,0,0,0,3119.43688460115,0,0,0
"15",0,635.278628043305,0,506.613529245512,0,0,190.985931710274,0,0,763.943726841098,279.576242112025,0,0,0,0,0,127.323954473516,0,0,0,1170.84392342664,1285.70371131766,0,0,0,0,63.6619772367581,534.224151059058,0,0,12.4641665824963,254.647908947033,163.375309896729,0,0,0,0,0,0,37.3924997474889,0,0,101.054476984247,127.323954473516,0,0,0,0,0,0,0,0,0,0,445.633840657307,0,0,0,0,0,0,1400.56349920868,0,0,0
"16",0,534.224151059058,0,289.358120045968,509.295817894065,0,0,63.6619772367581,0,0,164.716454221005,0,0,190.985931710274,0,0,0,0,0,0,76.1261438192544,254.647908947033,0,0,0,0,700.281749604339,445.633840657307,0,0,76.1261438192544,0,0,0,0,0,0,0,63.6619772367581,63.6619772367581,0,0,254.647908947033,190.985931710274,394.436030003045,0,0,0,0,0,3565.07072525846,891.267681314614,0,63.6619772367581,4329.01445209955,0,0,0,0,127.323954473516,0,0,0,0,127.323954473516
"17",0,12.4641665824963,0,364.143119540946,381.971863420549,0,0,0,0,63.6619772367581,406.900196585541,0,0,63.6619772367581,0,0,254.647908947033,0,0,0,495.490506987292,127.323954473516,0,0,0,0,1018.59163578813,24.9283331649926,0,0,0,63.6619772367581,0,0,0,0,0,0,0,190.985931710274,0,0,0,445.633840657307,254.647908947033,0,0,0,0,190.985931710274,0,0,0,0,1973.5212943395,0,0,0,827.605704077856,0,0,0,0,0,0
"18",0,426.463952453428,0,0,76.1261438192544,0,0,7409.71769262894,0,0,0,0,0,12.4641665824963,0,0,0,0,0,0,0,636.619772367581,0,0,0,0,7512.11331393746,12.4641665824963,5347.60608788768,0,0,0,0,0,0,0,0,0,0,0,0,0,0,0,12.4641665824963,0,0,0,24.9283331649926,636.619772367581,0,0,0,0,4965.63422446713,0,0,0,0,24.9283331649926,0,0,0,0,0
"19",0,364.143119540946,0,0,0,0,63.6619772367581,0,0,63.6619772367581,292.040408694521,0,0,63.6619772367581,0,0,394.436030003045,0,0,381.971863420549,2037.18327157626,190.985931710274,0,0,0,0,0,0,0,0,330.774052766287,0,292.040408694521,0,0,0,0,37.3924997474889,318.309886183791,63.6619772367581,0,0,63.6619772367581,483.026340404796,215.914264875267,0,0,0,0,1082.25361302489,0,0,0,318.309886183791,3374.08479354818,0,0,0,0,0,318.309886183791,0,0,0,0
"20",0,1651.18797518288,0,63.6619772367581,0,0,0,0,0,0,649.083938950078,0,0,0,0,0,127.323954473516,190.985931710274,0,0,0,0,0,0,0,0,0,521.759984476561,0,0,2304.29534710579,0,76.1261438192544,0,0,0,0,0,445.633840657307,635.278628043305,0,0,1871.12567303098,152.252287638509,737.674249351828,0,0,0,0,0,3628.73270249521,0,0,0,4201.69049762604,0,0,0,0,0,0,1846.19733986599,0,0,0
"21",0,0,0,167.082983982802,42.4413181578388,0,0,0,0,0,24.9283331649926,0,0,0,0,0,0,0,0,0,312.814019665349,424.413181578388,0,0,0,0,2419.15513499681,91.4038882716396,0,0,8.30944438833087,0,0,0,0,0,0,0,0,0,0,0,0,0,0,0,0,0,0,42.4413181578388,0,0,0,0,42.4413181578388,0,0,0,0,50.7507625461696,0,0,0,0,0
"22",0,3079.36209620511,0,0,0,0,127.323954473516,0,0,127.323954473516,318.309886183791,63.6619772367581,0,0,0,0,0,318.309886183791,0,0,127.323954473516,381.971863420549,0,190.985931710274,0,0,891.267681314614,840.069870660352,0,0,1640.06495292466,0,267.112075529529,63.6619772367581,0,0,0,0,0,12.4641665824963,37.3924997474889,0,139.788121056013,164.716454221005,113.518643566743,0,0,0,0,0,0,0,0,1731.33755197497,1718.87338539247,0,0,0,0,0,0,127.323954473516,0,0,0
"23",0,125.98281014924,0,722.527794120779,139.788121056013,0,0,2291.83118052329,0,2228.16920328653,712.745916186836,0,0,0,0,0,254.647908947033,63.6619772367581,0,0,2748.58804343882,1273.23954473516,0,0,0,0,190.985931710274,12.4641665824963,0,0,37.3924997474889,63.6619772367581,0,0,0,0,0,0,37.3924997474889,88.5903104017507,0,0,0,343.238219348783,0,0,0,0,0,0,0,0,0,0,891.267681314614,0,0,0,0,12.4641665824963,0,509.295817894065,0,0,0
"24",0,62.3208329124815,0,314.286453210961,0,0,63.6619772367581,0,0,0,88.5903104017507,0,0,0,0,0,0,0,0,0,953.588514227095,190.985931710274,0,0,0,0,763.943726841098,0,0,0,63.6619772367581,0,0,0,0,0,0,0,12.4641665824963,24.9283331649926,0,0,0,0,0,0,0,0,0,0,127.323954473516,0,0,0,2037.18327157626,0,0,0,0,0,0,63.6619772367581,0,0,0
"25",0,139.788121056013,0,199.426665319941,0,0,0,0,0,0,88.5903104017507,0,0,318.309886183791,0,0,0,0,0,0,470.5621738223,381.971863420549,0,0,0,0,2992.11293012763,87.2491660774741,0,127.323954473516,76.1261438192544,0,63.6619772367581,0,0,0,0,0,0,0,0,0,0,0,0,0,0,0,0,0,0,0,0,0,1846.19733986599,0,0,0,0,0,0,63.6619772367581,0,0,0
"26",0,74.7849994949778,0,1244.28777859734,190.985931710274,0,0,0,0,0,0,0,0,0,0,0,12.4641665824963,0,0,0,916.196014479606,190.985931710274,0,0,0,0,254.647908947033,12.4641665824963,0,0,0,88.5903104017507,0,0,0,0,0,0,0,12.4641665824963,0,0,37.3924997474889,12.4641665824963,12.4641665824963,0,0,0,0,0,0,0,0,0,954.929658551372,0,0,0,0,0,0,0,0,0,0
"27",0,263.088642556699,0,215.914264875267,0,0,63.6619772367581,0,0,827.605704077856,458.098007239803,0,0,0,0,0,139.788121056013,0,0,0,368.166552513776,0,0,0,0,0,0,12.4641665824963,0,0,304.504575277018,0,2240.63336986903,0,0,203.450098292771,0,0,0,62.3208329124815,0,0,0,559.15248422405,63.6619772367581,0,0,0,0,0,0,0,0,445.633840657307,1464.22547644544,0,0,0,0,0,0,3055.77490736439,0,0,0
"28",0,4032.9506104322,0,254.647908947033,0,0,636.619772367581,0,0,1400.56349920868,827.605704077856,63.6619772367581,0,0,0,0,267.112075529529,1082.25361302489,0,0,63.6619772367581,190.985931710274,190.985931710274,0,0,0,445.633840657307,203.450098292771,0,0,801.336226588587,0,509.295817894065,381.971863420549,0,0,0,0,177.180620803501,469.221029498023,0,0,0,840.069870660352,190.985931710274,0,0,0,0,0,5856.90190578175,254.647908947033,0,254.647908947033,4647.32433828334,0,0,700.281749604339,0,0,0,5156.62015617741,127.323954473516,445.633840657307,127.323954473516
"29",0,783.507482708984,0,0,0,0,1298.16787790016,0,0,0,63.6619772367581,0,0,0,0,0,63.6619772367581,0,0,0,1552.81578684719,0,0,5474.9300423612,0,0,0,63.6619772367581,0,0,418.023218843761,0,10911.1264406506,0,0,0,0,0,0,74.7849994949778,24.9283331649926,0,0,190.985931710274,76.1261438192544,0,0,0,0,0,0,0,0,1591.54943091895,8530.70494972559,0,0,0,0,0,127.323954473516,254.647908947033,0,0,0
"30",0,49.8566663299852,0,288.016975721692,0,0,0,0,0,636.619772367581,251.965620298479,0,0,0,0,0,0,0,0,0,190.985931710274,76.1261438192544,0,0,0,0,700.281749604339,0,0,0,0,0,0,63.6619772367581,0,12.4641665824963,0,0,0,0,0,0,0,0,0,0,0,0,0,0,0,0,0,0,0,0,0,0,0,0,0,445.633840657307,0,0,0
"31",0,49.8566663299852,0,694.917172307233,0,0,0,0,0,0,394.436030003045,0,0,0,190.985931710274,0,0,0,0,0,215.914264875267,127.323954473516,0,0,0,0,763.943726841098,341.897075024507,0,0,1489.15380961043,0,0,0,0,0,0,0,127.323954473516,12.4641665824963,0,0,24.9283331649926,127.323954473516,63.6619772367581,0,0,0,0,127.323954473516,0,1400.56349920868,0,63.6619772367581,509.295817894065,0,0,0,0,63.6619772367581,0,636.619772367581,0,0,63.6619772367581
"32",0,278.235097787749,0,0,139.788121056013,0,572.957795130823,0,0,0,0,0,0,0,0,0,63.6619772367581,0,0,0,316.968741859514,63.6619772367581,0,0,0,0,509.295817894065,62.3208329124815,63.6619772367581,0,63.6619772367581,0,1349.36568855442,0,0,0,0,0,0,1144.57444593737,0,0,12.4641665824963,12.4641665824963,12.4641665824963,0,0,0,0,0,0,0,0,63.6619772367581,2482.81711223357,0,0,0,0,0,0,318.309886183791,0,0,0
"33",0,250.624475974203,0,213.231976226714,279.576242112025,0,0,0,0,0,315.627597535237,0,0,0,0,0,0,381.971863420549,0,0,37.3924997474889,76.1261438192544,0,0,0,0,2291.83118052329,0,0,0,0,0,0,381.971863420549,0,0,0,0,12.4641665824963,0,0,0,139.788121056013,88.5903104017507,0,0,0,0,0,1018.59163578813,127.323954473516,0,0,0,4647.32433828334,0,0,0,0,0,0,318.309886183791,0,0,509.295817894065
"34",0,353.020097282726,0,12.4641665824963,0,0,0,0,0,0,24.9283331649926,0,0,0,0,0,0,0,0,0,1920.98233936096,254.647908947033,0,0,0,0,445.633840657307,324.068331144904,0,0,12.4641665824963,0,954.929658551372,0,0,0,0,0,0,63.6619772367581,0,0,0,76.1261438192544,12.4641665824963,0,0,0,0,254.647908947033,63.6619772367581,0,0,0,827.605704077856,0,0,0,0,0,0,0,0,0,0
"35",0,505.272384921235,0,24.9283331649926,0,0,509.295817894065,0,0,700.281749604339,152.252287638509,0,0,190.985931710274,0,0,0,0,0,0,190.985931710274,1285.70371131766,0,0,0,0,1464.22547644544,0,509.295817894065,0,63.6619772367581,0,0,63.6619772367581,0,0,0,0,0,12.4641665824963,12.4641665824963,0,101.054476984247,24.9283331649926,99.7133326599704,0,0,0,0,63.6619772367581,572.957795130823,0,0,0,8976.3387903829,0,12.4641665824963,0,0,0,0,0,0,0,0
"36",0,341.897075024507,0,12.4641665824963,0,0,0,1400.56349920868,0,0,63.6619772367581,0,0,0,0,254.647908947033,0,0,0,0,0,12.4641665824963,0,0,0,0,318.309886183791,0,0,0,0,0,0,190.985931710274,0,0,0,0,0,0,0,0,0,12.4641665824963,0,0,0,0,0,12605.0714928781,891.267681314614,0,0,0,63.6619772367581,0,0,1464.22547644544,164.716454221005,0,0,0,0,827.605704077856,763.943726841098
"37",0,632.596339394751,0,63.6619772367581,0,0,318.309886183791,0,0,0,597.886128295816,0,0,0,0,0,0,0,0,0,316.968741859514,0,0,0,0,0,0,0,0,0,37.3924997474889,0,0,0,0,0,0,0,0,24.9283331649926,0,0,455.41571859125,12.4641665824963,0,0,0,0,0,0,0,0,0,0,891.267681314614,0,0,0,0,0,0,0,0,0,0
"38",0,0,0,314.286453210961,0,0,63.6619772367581,0,0,63.6619772367581,318.309886183791,0,0,0,0,0,0,0,0,0,316.968741859514,2164.50722604978,0,0,0,0,3183.09886183791,0,0,0,0,63.6619772367581,0,0,0,0,0,0,0,74.7849994949778,0,0,0,279.576242112025,63.6619772367581,0,0,0,0,0,0,0,0,0,318.309886183791,0,24.9283331649926,0,63.6619772367581,0,0,0,0,0,0
"39",0,24.9283331649926,0,301.822286628465,0,0,0,0,0,63.6619772367581,49.8566663299852,0,0,0,0,0,0,0,63.6619772367581,0,24.9283331649926,381.971863420549,254.647908947033,0,0,0,0,12.4641665824963,0,0,2799.78585409308,0,0,127.323954473516,0,0,0,0,0,0,0,0,0,0,76.1261438192544,0,0,0,0,63.6619772367581,0,0,0,0,509.295817894065,0,0,0,0,63.6619772367581,0,0,0,0,63.6619772367581
"40",0,37.3924997474889,0,0,0,0,0,0,0,0,0,0,0,0,0,0,0,0,0,0,365.484263865223,0,0,0,0,0,0,62.3208329124815,0,0,0,0,0,0,0,0,0,0,0,0,0,0,12.4641665824963,0,0,0,0,0,0,0,0,0,0,0,190.985931710274,0,24.9283331649926,0,12.4641665824963,0,0,0,0,0,0
"41",190.985931710274,1692.6039079032,0,190.985931710274,0,0,127.323954473516,0,0,891.267681314614,1080.91246870061,0,0,267.112075529529,0,0,63.6619772367581,1018.59163578813,254.647908947033,0,190.985931710274,254.647908947033,63.6619772367581,0,0,0,700.281749604339,0,4329.01445209955,0,63.6619772367581,0,0,127.323954473516,0,451.39228561842,0,0,76.1261438192544,776.407893423594,0,0,0,776.407893423594,700.281749604339,0,0,0,0,636.619772367581,3119.43688460115,63.6619772367581,0,394.436030003045,1909.85931710274,0,0,445.633840657307,0,190.985931710274,63.6619772367581,572.957795130823,0,2801.12699841736,127.323954473516
"42",0,24.9283331649926,0,24.9283331649926,63.6619772367581,0,0,318.309886183791,0,1922.32348368524,137.105832407459,0,0,0,0,0,12.4641665824963,0,0,0,1602.67245317717,1973.5212943395,0,0,0,0,1273.23954473516,24.9283331649926,0,0,63.6619772367581,0,0,0,0,0,0,0,0,24.9283331649926,0,0,0,0,12.4641665824963,0,0,0,0,0,0,0,0,0,1209.5775674984,0,12.4641665824963,0,0,0,0,63.6619772367581,0,0,0
"43",0,1591.68072014029,0,0,0,0,424.413181578388,0,0,42.4413181578388,93.1920807040084,169.765272631355,0,0,0,0,0,0,0,0,457.650959131711,0,0,339.53054526271,0,0,0,42.4413181578388,0,0,627.416231763066,0,6866.29000096536,0,0,0,0,0,0,209.524302140641,245.444368342517,0,601.593802381889,42.4413181578388,212.206590789194,0,0,0,0,0,0,42.4413181578388,0,687.370534913751,3013.33358920655,0,0,0,0,0,1740.09404447139,933.708999472453,0,0,0
"44",0,24.9283331649926,0,355.70238593128,175.839476479225,0,0,1018.59163578813,0,0,0,0,0,0,0,0,0,0,0,0,990.981013974584,254.647908947033,0,572.957795130823,0,0,318.309886183791,0,0,0,152.252287638509,0,0,0,0,0,0,0,0,37.3924997474889,0,0,0,0,0,0,0,0,0,63.6619772367581,0,0,0,0,0,0,0,0,0,0,0,63.6619772367581,0,0,0
"45",0,762.602582516821,0,0,0,0,0,0,0,63.6619772367581,622.814461460809,0,0,445.633840657307,0,0,0,254.647908947033,0,127.323954473516,318.309886183791,954.929658551372,0,0,0,0,6939.15551880664,125.98281014924,63.6619772367581,0,483.026340404796,127.323954473516,76.1261438192544,0,0,0,0,0,0,139.788121056013,0,0,12.4641665824963,76.1261438192544,0,0,0,0,0,763.943726841098,63.6619772367581,0,0,254.647908947033,3947.042588679,0,0,0,0,445.633840657307,0,445.633840657307,0,0,0
"46",0,304.504575277018,0,12.4641665824963,0,0,63.6619772367581,0,0,0,215.914264875267,0,0,63.6619772367581,0,0,63.6619772367581,0,0,0,723.868938445055,267.112075529529,0,0,0,0,318.309886183791,0,0,0,469.221029498023,254.647908947033,63.6619772367581,0,0,0,0,0,0,12.4641665824963,12.4641665824963,0,112.177499242467,101.054476984247,101.054476984247,0,0,0,0,509.295817894065,0,0,0,254.647908947033,4647.32433828334,0,0,0,0,0,0,254.647908947033,0,0,0
"47",0,315.627597535237,0,12.4641665824963,139.788121056013,0,0,0,0,12.4641665824963,12.4641665824963,0,0,0,0,0,63.6619772367581,0,0,0,672.671127790794,636.619772367581,0,12.4641665824963,0,0,572.957795130823,24.9283331649926,0,0,37.3924997474889,127.323954473516,0,0,0,0,0,0,0,37.3924997474889,0,0,0,49.8566663299852,0,0,0,0,0,381.971863420549,0,0,0,0,445.633840657307,0,0,0,0,0,0,0,0,0,0
"48",12.4641665824963,1348.02454423014,0,521.759984476561,0,0,0,0,0,1527.8874536822,1285.70371131766,0,0,0,0,0,0,0,0,0,483.026340404796,1145.91559026165,0,0,0,0,2610.14106670708,225.69614280921,0,0,12.4641665824963,254.647908947033,63.6619772367581,318.309886183791,635.672495707312,0,0,0,12.4641665824963,381.971863420549,0,0,0,190.985931710274,0,0,0,0,0,0,254.647908947033,0,0,0,2737.4650211806,0,0,318.309886183791,0,12.4641665824963,0,0,0,0,63.6619772367581
"49",0,59.0602069345005,0,83.0944438833087,0,0,42.4413181578388,0,0,212.206590789194,16.6188887766617,0,0,0,0,0,16.6188887766617,0,0,0,658.865816884021,212.206590789194,0,212.206590789194,0,0,2249.38986236545,58.1661107183161,0,0,0,0,16.6188887766617,0,0,0,0,0,0,8.30944438833087,0,0,0,8.30944438833087,24.9283331649926,0,0,0,0,0,0,0,0,0,1103.47427210381,0,0,0,0,0,0,0,0,0,0
"50",0,290.699264370245,0,0,0,0,63.6619772367581,0,0,1527.8874536822,87.2491660774741,0,0,0,0,0,0,0,0,0,737.674249351828,254.647908947033,0,0,0,0,6175.21179196554,74.7849994949778,0,0,88.5903104017507,0,63.6619772367581,0,0,0,0,0,0,62.3208329124815,0,0,0,0,0,0,0,0,0,0,0,0,0,0,827.605704077856,0,0,0,0,0,0,0,127.323954473516,0,0
"51",0,1219.35944543235,0,49.8566663299852,0,0,0,0,0,0,394.436030003045,0,0,0,0,0,0,0,0,0,698.940605280063,1527.8874536822,0,0,0,0,381.971863420549,138.446976731736,0,0,12.4641665824963,0,215.914264875267,0,0,0,0,0,0,163.375309896729,0,0,24.9283331649926,127.323954473516,24.9283331649926,0,0,0,0,63.6619772367581,0,127.323954473516,0,0,1400.56349920868,0,63.6619772367581,0,0,0,0,1464.22547644544,0,0,0
"52",0,0,12.4641665824963,12.4641665824963,49.8566663299852,0,0,2877.25314223661,0,0,12.4641665824963,0,0,0,0,0,0,0,0,0,0,0,0,0,0,0,1909.85931710274,211.890831902437,0,0,0,0,0,572.957795130823,0,0,12.4641665824963,0,0,0,0,0,0,0,0,0,0,0,0,6811.83156433312,0,0,0,0,0,0,0,827.605704077856,24.9283331649926,0,0,0,0,63.6619772367581,0
"53",0,238.160309391706,0,0,0,0,0,0,0,0,12.4641665824963,0,0,0,0,0,0,0,0,0,254.647908947033,0,0,0,0,0,0,12.4641665824963,0,0,355.70238593128,0,509.295817894065,0,0,0,0,0,0,12.4641665824963,12.4641665824963,0,149.569998989956,127.323954473516,76.1261438192544,0,0,0,0,0,0,0,0,12.4641665824963,11522.8178798532,0,0,0,0,0,0,0,0,0,0
"54",0,63.6619772367581,0,318.309886183791,0,0,0,2035.84212725198,786.189771357537,152.252287638509,0,0,0,0,0,0,254.647908947033,0,0,0,0,127.323954473516,0,0,0,0,127.323954473516,76.1261438192544,2419.15513499681,2228.16920328653,0,0,0,700.281749604339,0,0,404.217907936988,0,0,0,0,0,0,0,0,0,0,0,0,3501.4087480217,63.6619772367581,0,0,0,0,0,0,1082.25361302489,254.647908947033,0,0,0,0,0,63.6619772367581
"55",0,1082.25361302489,0,76.1261438192544,0,0,318.309886183791,0,190.985931710274,1655.21140815571,203.450098292771,0,0,0,0,0,254.647908947033,0,190.985931710274,0,597.886128295816,127.323954473516,63.6619772367581,1464.22547644544,0,0,0,127.323954473516,0,0,76.1261438192544,0,0,0,0,0,49.8566663299852,0,63.6619772367581,1360.48871081264,0,0,0,686.476438697567,0,572.957795130823,0,0,0,2100.84524881302,1718.87338539247,127.323954473516,254.647908947033,254.647908947033,445.633840657307,0,0,0,0,0,0,2164.50722604978,0,254.647908947033,127.323954473516
"56",0,849.851748594295,0,12.4641665824963,0,0,0,0,0,63.6619772367581,534.224151059058,0,0,0,0,0,76.1261438192544,0,0,0,0,127.323954473516,0,2291.83118052329,0,63.6619772367581,381.971863420549,365.484263865223,0,0,0,0,253.306764622756,0,0,0,49.8566663299852,0,37.3924997474889,394.436030003045,0,0,37.3924997474889,0,12.4641665824963,0,0,0,0,1527.8874536822,0,127.323954473516,0,12.4641665824963,4265.3524748628,0,24.9283331649926,0,0,0,0,827.605704077856,0,0,700.281749604339
"57",0,324.068331144904,0,0,0,0,0,0,0,0,1082.25361302489,0,0,0,0,0,0,0,0,0,88.5903104017507,4544.92871697482,0,0,0,0,2737.4650211806,76.1261438192544,0,0,88.5903104017507,0,0,190.985931710274,286.675831397415,0,0,0,0,190.985931710274,0,0,63.6619772367581,891.267681314614,203.450098292771,0,0,0,0,0,0,0,0,801.336226588587,3183.09886183791,0,0,0,0,0,0,0,0,0,0
"58",0,838.728726336075,0,0,0,0,0,0,0,0,0,63.6619772367581,0,0,0,0,0,0,0,0,127.323954473516,0,0,0,0,0,0,0,0,0,2493.94013449179,0,697.599460955786,0,0,636.619772367581,0,0,0,88.5903104017507,49.8566663299852,0,139.788121056013,24.9283331649926,0,0,0,0,0,0,0,0,0,1846.19733986599,2864.78897565412,0,0,0,0,0,63.6619772367581,0,0,0,0
"59",0,1055.98413553562,0,0,0,0,0,0,0,0,418.023218843761,0,0,0,0,0,0,0,0,0,139.788121056013,318.309886183791,0,0,0,0,0,0,0,0,0,0,0,63.6619772367581,0,0,0,0,0,0,0,0,224.354998484934,37.3924997474889,240.84259804026,0,0,0,0,0,0,0,0,0,9421.9726310402,0,0,0,0,0,0,0,0,0,0
"60",0,1789.95071080137,0,169.765272631355,0,0,933.708999472453,0,0,169.765272631355,560.046580440235,84.8826363156775,0,0,0,0,42.4413181578388,679.06109052542,0,0,602.487898598073,127.323954473516,0,84.8826363156775,0,0,127.323954473516,1340.60919605799,0,0,475.163944124557,8.30944438833087,942.018443860783,42.4413181578388,0,0,0,212.206590789194,254.647908947033,848.826363156775,212.206590789194,0,305.398671493202,653.238661144243,127.323954473516,0,0,0,0,0,2504.03777131249,424.413181578388,0,636.619772367581,424.413181578388,0,0,0,0,1188.35690841949,0,806.385044998936,0,0,254.647908947033
"61",0,213.231976226714,0,49.8566663299852,0,0,63.6619772367581,0,0,0,203.450098292771,0,0,0,0,0,0,0,0,0,1806.12255146994,0,0,0,0,0,0,0,0,0,76.1261438192544,0,0,0,0,0,0,0,0,0,24.9283331649926,0,249.283331649926,0,37.3924997474889,0,0,0,0,0,0,0,0,63.6619772367581,2355.49315776005,0,0,0,0,0,0,0,0,0,0
"62",0,37.3924997474889,24.9283331649926,0,174.498332154948,0,0,1527.8874536822,0,0,203.450098292771,0,0,0,0,0,0,0,0,0,0,0,0,0,0,0,2610.14106670708,0,0,0,0,0,0,127.323954473516,0,0,0,0,0,0,0,0,0,0,0,0,0,0,0,318.309886183791,0,0,254.647908947033,0,190.985931710274,0,0,4010.70456591576,127.323954473516,0,0,0,0,0,24.9283331649926
"63",0,101.054476984247,0,63.6619772367581,0,0,0,0,0,0,213.231976226714,0,0,445.633840657307,0,0,0,0,0,254.647908947033,953.588514227095,63.6619772367581,0,0,0,0,4201.69049762604,37.3924997474889,0,0,164.716454221005,0,0,0,0,0,0,0,12.4641665824963,76.1261438192544,0,0,0,12.4641665824963,37.3924997474889,0,0,0,0,3374.08479354818,63.6619772367581,0,0,12.4641665824963,1846.19733986599,0,24.9283331649926,0,0,12.4641665824963,0,190.985931710274,0,0,190.985931710274
"64",0,557.811339899774,0,0,0,0,0,0,0,0,63.6619772367581,0,0,0,0,0,0,0,0,0,304.504575277018,0,0,0,0,0,0,0,0,0,394.436030003045,0,1983.30317227345,0,0,0,0,0,0,49.8566663299852,24.9283331649926,0,62.3208329124815,63.6619772367581,76.1261438192544,0,0,0,0,0,0,0,0,330.774052766287,13878.3110376133,0,0,0,0,0,891.267681314614,0,0,0,0
"65",0,254.647908947033,0,725.210082769332,0,0,0,2546.47908947033,0,381.971863420549,24.9283331649926,0,0,723.868938445055,318.309886183791,0,0,0,0,0,0,8339.71901801532,0,0,0,0,5092.95817894065,463.856452200917,0,0,127.323954473516,0,0,0,0,0,0,0,37.3924997474889,0,0,0,0,330.774052766287,0,0,0,0,0,1018.59163578813,63.6619772367581,127.323954473516,0,0,7512.11331393746,0,0,0,24.9283331649926,316.968741859514,0,190.985931710274,0,0,63.6619772367581
"66",0,33.2377775533235,0,149.569998989956,0,0,0,42.4413181578388,0,466.854499736226,16.6188887766617,0,0,0,0,0,0,0,0,0,50.7507625461696,16.6188887766617,0,0,0,0,1527.8874536822,0,0,0,0,0,0,0,0,0,0,0,0,8.30944438833087,0,0,41.5472219416544,16.6188887766617,0,0,0,0,0,0,0,0,0,0,2122.06590789194,0,0,84.8826363156775,0,16.6188887766617,0,0,0,0,0
"67",0,0,0,1134.02976100858,415.209640973872,0,0,0,0,254.647908947033,84.8826363156775,0,0,84.8826363156775,0,0,42.4413181578388,42.4413181578388,0,0,907.886570091276,127.323954473516,297.089227104871,763.943726841098,0,0,4116.80786131036,101.501525092339,0,0,8.30944438833087,93.1920807040084,0,0,0,0,0,0,0,83.9885400994931,0,0,0,101.501525092339,169.765272631355,0,0,0,0,0,0,169.765272631355,0,0,891.267681314614,0,220.516035177525,84.8826363156775,0,127.323954473516,0,679.06109052542,212.206590789194,0,0
"68",0,368.166552513776,0,406.900196585541,0,0,127.323954473516,0,0,0,470.5621738223,0,0,0,0,0,0,0,0,0,365.484263865223,2571.40742263532,0,1464.22547644544,0,0,0,24.9283331649926,0,0,891.267681314614,0,127.323954473516,0,0,0,0,0,63.6619772367581,0,12.4641665824963,12.4641665824963,0,215.914264875267,63.6619772367581,0,0,0,0,0,63.6619772367581,0,0,318.309886183791,2737.4650211806,0,0,63.6619772367581,0,0,0,318.309886183791,0,0,127.323954473516
"69",0,37.3924997474889,0,150.911143314232,0,0,0,0,0,0,24.9283331649926,0,0,63.6619772367581,0,0,63.6619772367581,0,0,0,138.446976731736,712.745916186836,0,0,0,0,127.323954473516,62.3208329124815,0,0,24.9283331649926,0,0,0,0,0,0,0,0,24.9283331649926,0,0,12.4641665824963,12.4641665824963,0,0,0,0,0,0,63.6619772367581,0,0,0,509.295817894065,0,0,0,0,0,0,0,0,0,127.323954473516
"70",0,263.088642556699,0,0,0,0,954.929658551372,0,0,891.267681314614,2419.15513499681,0,0,0,0,0,127.323954473516,0,0,0,559.15248422405,1209.5775674984,0,0,0,0,0,87.2491660774741,0,0,572.957795130823,2737.4650211806,419.364363168038,0,0,0,0,0,63.6619772367581,63.6619772367581,12.4641665824963,0,0,228.378431457763,88.5903104017507,0,0,0,0,0,0,0,0,0,381.971863420549,0,63.6619772367581,0,0,0,0,1273.23954473516,0,0,0
"71",0,24.9283331649926,0,555.129051251221,0,0,190.985931710274,0,0,0,776.407893423594,0,0,445.633840657307,0,0,0,0,0,0,0,509.295817894065,840.069870660352,0,0,0,381.971863420549,12.4641665824963,0,63.6619772367581,0,0,0,127.323954473516,0,0,0,0,0,62.3208329124815,0,0,0,0,12.4641665824963,0,0,0,0,127.323954473516,63.6619772367581,0,0,0,3183.09886183791,0,0,0,0,63.6619772367581,0,3183.09886183791,0,190.985931710274,0
"72",0,963.370392161038,0,0,127.323954473516,0,63.6619772367581,0,12.4641665824963,0,700.281749604339,0,0,572.957795130823,0,0,12.4641665824963,0,127.323954473516,0,534.224151059058,7130.14145051691,0,0,0,0,700.281749604339,37.3924997474889,0,0,127.323954473516,0,330.774052766287,0,24.9283331649926,0,0,0,63.6619772367581,318.309886183791,0,0,0,661.548105532574,88.5903104017507,0,0,0,12.4641665824963,0,63.6619772367581,0,0,318.309886183791,9740.28251722399,0,0,0,0,0,0,190.985931710274,0,63.6619772367581,0
"73",0,74.7849994949778,0,74.7849994949778,12.4641665824963,0,0,0,0,0,62.3208329124815,0,0,0,0,0,0,0,0,0,202.108953968494,12.4641665824963,0,0,0,0,0,0,0,0,24.9283331649926,0,12.4641665824963,0,0,0,0,0,0,12.4641665824963,0,0,0,24.9283331649926,0,0,0,0,12.4641665824963,0,0,0,0,0,1655.21140815571,0,0,0,0,12.4641665824963,0,0,0,0,0
"74",0,998.080603259974,0,0,0,0,0,0,0,0,267.112075529529,0,0,0,0,0,12.4641665824963,0,0,0,190.985931710274,381.971863420549,0,0,0,0,318.309886183791,0,445.633840657307,63.6619772367581,76.1261438192544,0,24.9283331649926,63.6619772367581,324.068331144904,0,0,0,12.4641665824963,190.985931710274,0,0,0,127.323954473516,127.323954473516,0,0,0,0,0,0,0,0,63.6619772367581,1018.59163578813,0,0,0,12.4641665824963,12.4641665824963,0,190.985931710274,0,0,0
"75",0,1384.07589965335,0,0,0,0,0,190.985931710274,0,0,63.6619772367581,0,0,0,0,0,12.4641665824963,0,0,0,685.13529437329,63.6619772367581,0,0,0,0,0,0,0,0,164.716454221005,0,597.886128295816,0,0,0,0,0,0,74.7849994949778,0,0,0,12.4641665824963,62.3208329124815,0,0,0,0,0,0,0,0,0,2737.4650211806,0,0,0,0,0,0,1336.90152197192,0,0,0
"76",0,585.42196171332,0,76.1261438192544,0,0,318.309886183791,0,0,0,2507.74544539856,0,0,0,0,0,0,0,636.619772367581,0,0,127.323954473516,0,1018.59163578813,0,0,190.985931710274,0,0,0,0,0,0,127.323954473516,0,0,0,0,0,238.160309391706,0,0,381.971863420549,509.295817894065,2087.03993790625,0,0,0,0,254.647908947033,127.323954473516,0,0,127.323954473516,2928.45095289087,0,0,254.647908947033,0,63.6619772367581,0,190.985931710274,0,954.929658551372,127.323954473516
"77",0,138.446976731736,0,304.504575277018,0,0,1209.5775674984,0,0,445.633840657307,215.914264875267,63.6619772367581,0,0,0,0,0,0,445.633840657307,0,2722.31856594955,700.281749604339,0,190.985931710274,0,0,254.647908947033,12.4641665824963,0,0,203.450098292771,2659.99773303707,127.323954473516,63.6619772367581,0,0,0,0,0,63.6619772367581,0,0,113.518643566743,101.054476984247,0,0,0,0,0,0,0,0,0,0,445.633840657307,0,0,0,12.4641665824963,0,190.985931710274,254.647908947033,0,0,0
"78",0,1271.89840041089,0,0,0,0,127.323954473516,0,0,63.6619772367581,190.985931710274,0,0,0,0,0,127.323954473516,0,0,0,674.01227211507,521.759984476561,0,0,0,0,190.985931710274,1293.19716826706,0,0,152.252287638509,12.4641665824963,836.046437687522,63.6619772367581,0,0,12.4641665824963,0,12.4641665824963,0,0,0,12.4641665824963,318.309886183791,190.985931710274,0,0,0,0,763.943726841098,318.309886183791,1464.22547644544,0,0,318.309886183791,954.929658551372,0,0,0,0,0,0,0,0,254.647908947033
"79",0,1101.68607967144,0,0,0,0,1578.63821622836,0,0,0,787.083867573721,0,0,0,0,0,178.074717019686,0,0,0,212.206590789194,169.765272631355,0,0,0,0,0,0,0,0,322.017560269864,220.516035177525,0,0,0,0,0,0,297.089227104871,651.450468711874,1298.16787790016,0,431.828529750534,0,228.825479565856,0,0,0,8.30944438833087,0,0,0,0,169.765272631355,4541.22104288875,0,0,0,0,0,84.8826363156775,763.943726841098,0,0,0
"80",0,0,0,253.306764622756,354.361241607003,0,0,0,0,0,0,0,0,0,0,0,0,0,0,0,2010.91379408699,381.971863420549,0,0,0,0,127.323954473516,0,0,0,0,0,0,0,0,0,0,0,0,0,0,0,24.9283331649926,62.3208329124815,0,0,0,0,0,0,0,0,0,0,318.309886183791,0,0,0,0,12.4641665824963,0,127.323954473516,0,0,0
"81",0,873.438937435011,0,0,0,0,0,0,0,0,355.70238593128,0,0,0,0,0,0,0,0,0,891.267681314614,127.323954473516,0,0,0,0,0,0,0,0,125.98281014924,0,1527.8874536822,0,0,0,0,0,0,37.3924997474889,24.9283331649926,0,531.541862410504,254.647908947033,63.6619772367581,0,0,0,0,0,0,0,0,0,2355.49315776005,0,0,0,0,0,0,0,0,0,0
"82",0,827.605704077856,0,177.180620803501,0,0,445.633840657307,0,0,0,1179.28465703631,0,0,1718.87338539247,0,0,0,0,0,0,0,1641.40609724894,0,0,0,0,0,0,0,0,0,63.6619772367581,0,63.6619772367581,0,0,0,0,0,585.42196171332,0,0,2124.43243765373,1055.98413553562,1285.70371131766,254.647908947033,318.309886183791,0,0,0,3692.39467973197,445.633840657307,0,254.647908947033,4520.00038380983,0,0,63.6619772367581,0,318.309886183791,0,1655.21140815571,0,127.323954473516,445.633840657307
"83",0,101.054476984247,0,0,228.378431457763,0,267.112075529529,0,0,318.309886183791,149.569998989956,0,0,12.4641665824963,381.971863420549,0,24.9283331649926,0,0,0,889.926536990337,5169.08432275991,0,0,0,0,190.985931710274,24.9283331649926,0,0,63.6619772367581,63.6619772367581,0,0,0,0,0,0,0,330.774052766287,0,0,0,12.4641665824963,292.040408694521,0,0,0,0,381.971863420549,0,0,0,63.6619772367581,2037.18327157626,0,0,0,0,0,0,636.619772367581,0,0,0
"84",0,2239.29222554475,0,0,0,0,636.619772367581,0,0,0,0,63.6619772367581,0,0,0,0,0,0,0,0,458.098007239803,0,0,2291.83118052329,0,0,0,509.295817894065,0,0,1195.77225659163,0,3257.88386133288,0,12.4641665824963,0,0,0,0,12.4641665824963,202.108953968494,0,113.518643566743,0,0,0,0,0,0,0,0,0,0,1018.59163578813,1336.90152197192,0,0,63.6619772367581,0,0,14642.2547644544,0,0,0,0
"85",0,418.023218843761,0,12.4641665824963,0,0,381.971863420549,0,0,827.605704077856,381.971863420549,0,0,0,0,0,0,0,0,0,763.943726841098,0,0,0,0,0,0,6124.01398131128,0,0,3181.75771751363,0,3487.60343711492,0,0,0,0,0,190.985931710274,49.8566663299852,0,0,521.759984476561,254.647908947033,445.633840657307,0,0,0,0,0,254.647908947033,127.323954473516,0,1794.99952921172,7703.09924564773,0,0,0,0,0,190.985931710274,1018.59163578813,0,0,63.6619772367581
"86",0,12.4641665824963,0,49.8566663299852,0,177.180620803501,0,0,0,12.4641665824963,0,0,0,0,0,0,0,0,0,0,76.1261438192544,0,1667.67557473821,381.971863420549,0,0,7830.42320012125,24.9283331649926,0,0,62.3208329124815,0,0,0,0,0,0,0,0,0,0,0,0,0,0,0,0,0,0,0,0,0,0,0,254.647908947033,0,12.4641665824963,0,0,0,0,0,0,0,0
"87",0,696.25831663151,0,0,0,0,381.971863420549,0,0,0,63.6619772367581,88.5903104017507,0,0,0,0,0,0,0,0,127.323954473516,0,0,0,0,0,0,0,0,0,1118.3049684481,0,1717.53224106819,0,0,0,0,0,0,788.87206000609,0,0,431.828529750534,139.788121056013,381.971863420549,0,0,0,0,0,0,0,0,4965.63422446713,10249.5783351181,0,0,0,0,0,0,0,0,0,0
"88",0,775.066749099317,0,88.5903104017507,0,0,190.985931710274,0,0,1909.85931710274,127.323954473516,190.985931710274,0,0,445.633840657307,0,0,254.647908947033,0,0,381.971863420549,127.323954473516,0,0,127.323954473516,0,127.323954473516,2037.18327157626,0,0,941.124347644599,0,3818.37748988121,63.6619772367581,62.3208329124815,0,0,63.6619772367581,254.647908947033,509.295817894065,127.323954473516,0,24.9283331649926,954.929658551372,636.619772367581,0,0,0,0,0,1782.53536262923,127.323954473516,0,1973.5212943395,509.295817894065,0,0,0,0,0,0,0,0,0,63.6619772367581
"89",0,864.998203825345,0,113.518643566743,0,0,0,0,0,63.6619772367581,164.716454221005,0,63.6619772367581,0,0,0,0,0,63.6619772367581,0,88.5903104017507,190.985931710274,763.943726841098,0,0,0,3628.73270249521,113.518643566743,0,0,379.289574771996,0,0,0,0,0,0,0,101.054476984247,0,0,0,0,139.788121056013,0,0,0,0,0,1591.54943091895,1336.90152197192,190.985931710274,0,127.323954473516,1973.5212943395,0,0,63.6619772367581,63.6619772367581,279.576242112025,0,1718.87338539247,0,0,381.971863420549
"90",0,58.1661107183161,0,480.791099864335,0,0,42.4413181578388,0,0,0,117.226317652817,0,0,0,0,0,0,0,127.323954473516,0,127.323954473516,127.323954473516,0,0,0,0,2164.50722604978,16.6188887766617,0,0,8.30944438833087,0,0,0,0,0,0,0,67.3696513228314,49.8566663299852,8.30944438833087,0,0,16.6188887766617,33.2377775533235,0,0,0,0,0,0,0,0,0,1952.30063526058,0,0,0,0,50.7507625461696,0,381.971863420549,0,0,0
"91",0,2071.8934826752,0,0,0,0,636.619772367581,0,0,0,127.323954473516,0,0,0,0,0,0,0,0,0,0,0,0,0,0,0,0,6479.71636724256,0,0,445.633840657307,0,6645.77396578784,0,0,0,63.6619772367581,0,190.985931710274,0,63.6619772367581,0,215.914264875267,0,254.647908947033,0,0,0,0,0,0,0,0,330.774052766287,2673.80304394384,0,0,0,0,63.6619772367581,63.6619772367581,127.323954473516,0,0,63.6619772367581
"92",0,379.289574771996,0,24.9283331649926,0,12.4641665824963,0,127.323954473516,0,0,24.9283331649926,0,0,12.4641665824963,0,0,0,0,0,0,12.4641665824963,0,0,0,0,0,1846.19733986599,0,0,0,12.4641665824963,0,254.647908947033,63.6619772367581,0,0,0,0,0,0,0,0,4071.68425450397,63.6619772367581,127.323954473516,0,0,0,0,0,127.323954473516,1336.90152197192,0,0,17379.719785635,0,0,0,0,12.4641665824963,381.971863420549,0,0,0,381.971863420549
"93",0,12.4641665824963,0,391.753741354492,0,0,0,318.309886183791,0,0,24.9283331649926,0,0,0,0,0,12.4641665824963,0,0,0,88.5903104017507,12.4641665824963,63.6619772367581,0,0,0,954.929658551372,12.4641665824963,0,0,24.9283331649926,0,0,0,0,0,0,0,0,124.641665824963,0,0,0,49.8566663299852,12.4641665824963,0,0,0,0,0,0,0,0,0,891.267681314614,0,63.6619772367581,0,0,0,0,0,0,0,0
"94",0,863.657059501068,0,0,0,0,8.30944438833087,42.4413181578388,0,0,0,0,0,0,0,0,0,0,0,0,84.8826363156775,0,0,0,0,0,0,0,0,0,598.911513733336,0,677.272898093051,0,0,0,0,0,0,0,16.6188887766617,0,166.188887766617,8.30944438833087,24.9283331649926,0,0,0,0,0,0,0,0,398.590752197211,12180.6583112997,0,0,0,0,0,169.765272631355,127.323954473516,0,0,0
"95",0,1335.56037764764,0,12.4641665824963,0,0,394.436030003045,0,0,0,507.954673569788,0,0,0,0,0,0,0,0,0,164.716454221005,0,0,0,0,0,0,0,0,63.6619772367581,203.450098292771,0,521.759984476561,0,0,0,0,0,0,49.8566663299852,254.647908947033,0,124.641665824963,0,228.378431457763,0,0,0,0,0,891.267681314614,0,0,63.6619772367581,7894.08517735801,0,0,0,0,0,63.6619772367581,1145.91559026165,0,0,0
"96",0,0,0,2824.71418725807,0,0,0,0,0,0,190.985931710274,0,0,0,0,0,0,0,0,0,0,127.323954473516,152.252287638509,381.971863420549,0,0,1591.54943091895,76.1261438192544,0,0,0,63.6619772367581,0,0,0,0,0,0,37.3924997474889,0,0,0,0,0,0,0,0,0,0,0,0,0,0,0,63.6619772367581,0,380.630719096272,0,88.5903104017507,49.8566663299852,0,0,0,0,0
"97",0,5411.26806512444,0,0,0,0,509.295817894065,0,0,0,63.6619772367581,0,0,0,0,0,0,0,0,0,0,0,0,0,0,0,0,7130.14145051691,0,0,1246.97006724589,0,3183.09886183791,0,0,0,0,0,63.6619772367581,63.6619772367581,700.281749604339,0,1678.79859699643,190.985931710274,521.759984476561,381.971863420549,0,0,0,0,1400.56349920868,572.957795130823,0,445.633840657307,9549.29658551372,0,0,0,0,0,127.323954473516,0,0,0,445.633840657307
"98",0,127.323954473516,0,49.8566663299852,0,0,0,0,0,190.985931710274,0,0,0,0,0,0,12.4641665824963,0,0,0,445.633840657307,0,2672.46189961956,0,0,12.4641665824963,4265.3524748628,87.2491660774741,0,0,0,365.484263865223,0,190.985931710274,0,0,0,0,76.1261438192544,0,0,0,0,0,37.3924997474889,0,0,0,12.4641665824963,700.281749604339,0,0,0,0,0,0,0,0,88.5903104017507,12.4641665824963,0,0,0,0,445.633840657307
"99",0,88.5903104017507,0,265.770931205252,0,1628.94193066644,0,0,0,0,37.3924997474889,0,0,0,63.6619772367581,0,0,0,0,0,0,0,5881.83023894674,0,0,0,2228.16920328653,49.8566663299852,0,0,0,0,0,0,0,0,0,0,63.6619772367581,0,0,0,127.323954473516,0,12.4641665824963,0,0,0,0,572.957795130823,127.323954473516,1655.21140815571,0,76.1261438192544,127.323954473516,0,0,0,254.647908947033,394.436030003045,0,445.633840657307,0,0,0
"100",0,956.849140205076,0,186.384161408017,0,0,254.647908947033,0,0,0,594.178454209743,0,0,0,0,0,0,0,0,0,42.4413181578388,933.708999472453,0,0,0,0,424.413181578388,227.931383349671,0,0,287.885686500356,0,1697.65272631355,0,0,0,0,0,42.4413181578388,0,42.4413181578388,0,278.682145895841,0,127.323954473516,0,0,0,0,0,297.089227104871,1782.53536262923,0,891.267681314614,7215.02408683259,0,0,0,0,0,0,254.647908947033,0,0,0
"101",0,76.1261438192544,0,37.3924997474889,0,0,0,0,0,0,127.323954473516,0,0,546.688317641554,0,0,12.4641665824963,0,0,0,139.788121056013,99.7133326599704,127.323954473516,0,0,0,17443.3817628717,37.3924997474889,0,0,0,0,0,63.6619772367581,0,0,0,0,0,0,0,0,0,190.985931710274,0,0,0,0,0,63.6619772367581,0,318.309886183791,127.323954473516,0,2419.15513499681,0,12.4641665824963,0,12.4641665824963,12.4641665824963,0,0,0,0,127.323954473516
"102",0,215.914264875267,0,37.3924997474889,0,63.6619772367581,0,0,0,394.436030003045,12.4641665824963,0,0,0,0,0,152.252287638509,63.6619772367581,0,0,76.1261438192544,63.6619772367581,0,0,0,0,445.633840657307,416.682074519485,0,0,864.998203825345,0,152.252287638509,0,0,0,0,0,12.4641665824963,0,0,0,0,62.3208329124815,0,0,0,0,0,445.633840657307,1145.91559026165,2546.47908947033,0,0,572.957795130823,0,0,0,0,0,0,0,0,0,0
"103",0,3180.41657318935,0,24.9283331649926,0,0,0,0,0,381.971863420549,12.4641665824963,0,0,0,0,0,0,0,0,0,127.323954473516,0,63.6619772367581,0,0,0,0,0,0,0,63.6619772367581,0,63.6619772367581,0,0,0,0,0,63.6619772367581,49.8566663299852,139.788121056013,0,76.1261438192544,0,189.644787385998,0,0,0,0,0,0,0,0,891.267681314614,4010.70456591576,0,0,0,0,0,0,190.985931710274,0,0,63.6619772367581
"104",0,750.138415934325,0,37.3924997474889,0,0,0,190.985931710274,0,0,37.3924997474889,0,0,0,0,0,0,0,0,0,63.6619772367581,0,12.4641665824963,0,0,0,14514.9308099809,686.476438697567,0,0,368.166552513776,0,355.70238593128,0,0,0,0,0,0,12.4641665824963,0,0,279.576242112025,101.054476984247,0,0,0,0,0,0,0,0,0,127.323954473516,6748.16958709636,0,0,0,0,0,0,0,0,0,0
"105",42.4413181578388,2876.80609412852,0,390.28130780888,0,0,42.4413181578388,0,0,2419.15513499681,203.003050184679,0,0,0,0,0,127.323954473516,679.06109052542,0,0,0,84.8826363156775,212.206590789194,0,0,0,84.8826363156775,906.992473875091,0,0,652.344564928059,0,254.647908947033,42.4413181578388,0,0,0,0,169.765272631355,8.30944438833087,0,0,576.665469216896,542.533595447389,8.30944438833087,0,0,0,0,0,84.8826363156775,212.206590789194,0,42.4413181578388,212.206590789194,0,83.9885400994931,0,0,0,0,1655.21140815571,0,0,0
"106",0,76.1261438192544,0,150.911143314232,0,127.323954473516,0,0,0,0,24.9283331649926,0,127.323954473516,0,0,0,63.6619772367581,0,0,0,127.323954473516,0,2228.16920328653,0,0,0,5665.91597407147,62.3208329124815,0,0,12.4641665824963,0,0,0,0,0,0,0,0,0,0,0,0,0,0,0,0,0,0,445.633840657307,0,445.633840657307,0,0,700.281749604339,0,0,0,0,0,0,0,0,0,0
"107",0,1583.50256497329,0,12.4641665824963,0,0,63.6619772367581,127.323954473516,0,0,0,0,0,0,0,0,0,0,0,0,0,12.4641665824963,0,0,0,0,0,0,0,0,267.112075529529,0,0,0,0,0,0,0,0,0,0,0,12.4641665824963,37.3924997474889,24.9283331649926,0,0,0,0,0,0,0,0,152.252287638509,10886.1981074856,0,0,0,0,0,0,0,0,0,0
"108",0,2926.6627604585,0,66.475555106647,0,0,0,0,0,0,169.765272631355,0,0,0,0,0,0,0,0,0,109.81096948067,127.323954473516,0,0,0,0,679.06109052542,67.3696513228314,0,0,33.2377775533235,0,254.647908947033,0,0,0,0,0,0,0,0,0,175.392428371133,0,84.8826363156775,0,0,0,0,0,0,0,0,212.206590789194,11501.5972207743,0,0,0,0,0,0,848.826363156775,0,0,0
"109",0,37.3924997474889,0,127.323954473516,0,0,0,0,0,0,190.985931710274,0,0,63.6619772367581,0,0,0,0,0,0,254.647908947033,1985.985460922,0,0,0,0,572.957795130823,491.467074014462,0,190.985931710274,76.1261438192544,0,0,0,0,186.962498737445,0,0,12.4641665824963,127.323954473516,0,0,0,0,1082.25361302489,0,0,0,0,572.957795130823,0,509.295817894065,0,0,1273.23954473516,0,0,0,0,0,0,0,0,0,0
"110",0,708.722483214006,0,318.309886183791,0,0,127.323954473516,63.6619772367581,0,0,330.774052766287,318.309886183791,63.6619772367581,0,0,0,76.1261438192544,0,0,0,12.4641665824963,0,127.323954473516,0,0,0,63.6619772367581,63.6619772367581,0,0,916.196014479606,0,725.210082769332,0,0,0,0,0,0,24.9283331649926,0,0,1104.49965754133,0,12.4641665824963,0,0,0,0,0,0,0,0,318.309886183791,4456.33840657307,0,0,254.647908947033,0,0,0,1782.53536262923,0,0,12.4641665824963
"111",0,0,0,402.876763612712,0,0,0,0,0,0,0,0,0,0,0,0,0,0,0,0,1004.78632488136,0,0,0,0,0,63.6619772367581,0,0,0,12.4641665824963,0,0,0,0,0,0,458.098007239803,0,12.4641665824963,0,0,0,24.9283331649926,24.9283331649926,0,0,0,0,0,0,0,0,0,381.971863420549,0,0,0,0,0,0,0,0,0,0
"112",0,0,0,469.221029498023,0,0,0,0,0,0,0,0,0,0,0,0,0,0,0,0,12.4641665824963,76.1261438192544,0,0,0,0,3819.71863420549,49.8566663299852,0,0,12.4641665824963,0,0,0,0,0,0,0,0,0,0,0,24.9283331649926,0,0,0,0,0,0,0,0,0,0,0,0,0,0,63.6619772367581,0,0,0,0,0,0,0
"113",0,0,0,112.177499242467,0,0,0,0,0,700.281749604339,63.6619772367581,63.6619772367581,63.6619772367581,63.6619772367581,0,0,0,0,0,0,0,0,2291.83118052329,0,0,0,1082.25361302489,137.105832407459,0,0,37.3924997474889,0,0,509.295817894065,0,0,0,0,0,127.323954473516,0,0,190.985931710274,0,0,0,0,0,0,0,0,381.971863420549,0,0,636.619772367581,0,139.788121056013,0,0,127.323954473516,0,0,0,0,63.6619772367581
"114",0,418.023218843761,0,164.716454221005,0,0,318.309886183791,0,0,0,406.900196585541,0,0,0,0,0,0,0,0,0,12.4641665824963,636.619772367581,63.6619772367581,0,0,0,1336.90152197192,202.108953968494,0,0,125.98281014924,63.6619772367581,304.504575277018,0,0,0,0,0,12.4641665824963,12.4641665824963,0,0,24.9283331649926,76.1261438192544,0,0,0,0,0,254.647908947033,0,127.323954473516,0,776.407893423594,1782.53536262923,0,0,0,0,12.4641665824963,0,190.985931710274,0,127.323954473516,0
"115",0,88.5903104017507,0,0,0,0,0,0,0,127.323954473516,63.6619772367581,0,127.323954473516,0,0,0,0,0,0,0,152.252287638509,0,700.281749604339,318.309886183791,0,0,11204.5079936694,164.716454221005,0,0,1742.46057423319,0,0,0,0,0,0,0,0,0,0,0,0,63.6619772367581,0,0,0,0,0,0,0,0,0,0,254.647908947033,0,0,0,0,0,0,0,0,0,0
"116",0,1233.16475633912,0,24.9283331649926,0,0,0,0,0,0,292.040408694521,0,0,0,0,0,0,0,0,0,0,0,63.6619772367581,0,0,0,1718.87338539247,1246.97006724589,0,0,253.306764622756,0,190.985931710274,0,0,0,0,0,12.4641665824963,0,0,0,279.576242112025,0,0,0,0,0,0,0,0,0,0,2164.50722604978,4710.9863155201,0,0,0,0,0,0,2291.83118052329,0,0,0
"117",0,1092.03549095883,0,0,0,24.9283331649926,0,0,0,0,127.323954473516,0,0,572.957795130823,0,0,0,0,12.4641665824963,0,318.309886183791,445.633840657307,0,0,0,0,4265.3524748628,553.787906926944,700.281749604339,0,318.309886183791,0,24.9283331649926,0,0,0,0,0,99.7133326599704,254.647908947033,0,0,0,254.647908947033,381.971863420549,0,0,0,12.4641665824963,509.295817894065,1527.8874536822,3055.77490736439,0,254.647908947033,1145.91559026165,0,0,63.6619772367581,0,381.971863420549,0,63.6619772367581,0,0,127.323954473516
"118",0,62.3208329124815,0,125.98281014924,0,380.630719096272,0,0,0,0,0,0,0,0,0,0,0,0,0,0,101.054476984247,63.6619772367581,127.323954473516,0,0,0,954.929658551372,125.98281014924,0,0,12.4641665824963,0,0,0,0,0,0,0,24.9283331649926,0,0,0,12.4641665824963,0,0,0,0,0,0,0,0,0,0,0,4774.64829275686,0,0,0,0,0,0,0,0,0,330.774052766287
"119",0,469.221029498023,0,938.442058996046,0,0,0,0,0,0,470.5621738223,0,0,190.985931710274,0,0,0,0,0,0,0,76.1261438192544,1018.59163578813,0,0,0,2546.47908947033,99.7133326599704,0,0,0,0,0,0,0,0,0,0,127.323954473516,203.450098292771,0,0,150.911143314232,127.323954473516,0,0,0,0,12.4641665824963,0,0,0,0,0,700.281749604339,0,0,0,0,63.6619772367581,0,0,0,0,0
"120",0,7409.71769262894,0,0,0,0,0,0,0,0,292.040408694521,0,0,0,0,0,0,0,0,0,63.6619772367581,445.633840657307,0,0,0,0,1909.85931710274,127.323954473516,0,0,406.900196585541,0,0,0,0,0,0,0,572.957795130823,279.576242112025,0,0,1716.19109674392,127.323954473516,0,0,63.6619772367581,0,63.6619772367581,0,0,127.323954473516,0,3628.73270249521,8403.38099525207,0,0,63.6619772367581,0,0,0,2291.83118052329,0,0,254.647908947033
"121",0,1410.34537714262,0,12.4641665824963,0,0,254.647908947033,0,0,63.6619772367581,661.548105532574,0,0,0,0,0,318.309886183791,381.971863420549,0,0,12.4641665824963,63.6619772367581,63.6619772367581,636.619772367581,0,0,318.309886183791,63.6619772367581,0,0,152.252287638509,1094.71777960738,0,127.323954473516,0,0,0,0,254.647908947033,444.29269633303,0,0,63.6619772367581,254.647908947033,470.5621738223,0,0,0,0,0,1400.56349920868,63.6619772367581,0,394.436030003045,7894.08517735801,0,0,0,0,0,254.647908947033,4010.70456591576,0,0,0
"122",0,0,0,87.2491660774741,0,0,0,0,0,127.323954473516,76.1261438192544,0,0,0,0,0,0,0,76.1261438192544,0,0,112.177499242467,0,0,0,0,22790.9878507594,49.8566663299852,0,0,0,0,0,0,0,0,0,0,0,62.3208329124815,0,0,0,0,12.4641665824963,0,0,0,0,0,0,0,0,0,63.6619772367581,0,12.4641665824963,63.6619772367581,24.9283331649926,0,0,0,0,0,63.6619772367581
"123",0,0,0,0,568.356024828566,0,0,0,0,42.4413181578388,33.2377775533235,0,0,0,0,0,0,0,0,0,8.30944438833087,178.074717019686,0,0,0,0,6535.96299630717,0,0,0,42.4413181578388,0,0,0,0,0,0,0,41.5472219416544,0,0,0,0,0,0,0,0,0,0,0,0,0,0,0,509.295817894065,0,8.30944438833087,0,0,8.30944438833087,0,0,0,0,169.765272631355
"124",0,644.035120539728,0,346.051797218672,42.4413181578388,0,0,0,0,381.971863420549,1467.03905431533,0,0,1485.44613552436,0,0,297.089227104871,0,0,0,84.8826363156775,1017.69753957195,339.53054526271,0,0,0,0,202.108953968494,0,0,16.6188887766617,0,0,127.323954473516,0,0,0,0,8.30944438833087,305.398671493202,160.56173202684,84.8826363156775,185.490065191832,390.28130780888,254.647908947033,0,0,0,0,84.8826363156775,254.647908947033,42.4413181578388,0,0,509.295817894065,0,0,0,0,83.9885400994931,0,212.206590789194,0,0,254.647908947033
"125",0,219.62193896134,0,8.30944438833087,84.8826363156775,0,0,0,0,381.971863420549,202.108953968494,0,0,42.4413181578388,0,0,127.323954473516,0,0,0,321.12346405368,1782.53536262923,0,466.854499736226,0,0,1994.74195341842,16.6188887766617,0,0,211.312494573009,0,0,0,0,0,0,0,0,0,0,0,0,602.487898598073,254.647908947033,0,0,0,0,0,0,127.323954473516,0,0,2122.06590789194,0,0,0,0,0,42.4413181578388,891.267681314614,0,0,0
"126",0,560.046580440235,0,8.30944438833087,0,0,0,0,0,0,1144.12739782928,0,0,0,0,0,0,0,0,0,448.447418527196,135.633398861847,0,0,0,0,0,687.370534913751,254.647908947033,0,101.501525092339,0,958.637332637445,42.4413181578388,192.011317147794,0,0,8.30944438833087,0,304.504575277018,0,0,49.8566663299852,254.647908947033,381.971863420549,0,0,42.4413181578388,0,0,212.206590789194,933.708999472453,0,0,1612.77008999787,0,0,0,0,0,127.323954473516,0,0,0,42.4413181578388
"127",0,1281.54898912349,0,1551.921690631,220.516035177525,0,42.4413181578388,42.4413181578388,0,297.089227104871,1247.41711535399,0,0,0,0,0,0,381.971863420549,0,0,254.647908947033,84.8826363156775,0,297.089227104871,0,0,212.206590789194,517.605262282396,1145.91559026165,0,466.854499736226,0,50.7507625461696,0,0,0,0,0,169.765272631355,686.476438697567,0,0,49.8566663299852,93.1920807040084,50.7507625461696,0,763.943726841098,551.737136051904,8.30944438833087,127.323954473516,5220.28213341417,254.647908947033,0,127.323954473516,1655.21140815571,0,0,0,93.1920807040084,8.30944438833087,0,636.619772367581,0,0,381.971863420549
"128",0,1245.62892292162,0,0,0,0,212.206590789194,0,0,0,398.590752197211,0,0,0,0,0,42.4413181578388,84.8826363156775,0,0,84.8826363156775,178.074717019686,0,0,0,0,0,381.971863420549,0,0,942.018443860783,0,2035.39507914389,0,0,42.4413181578388,0,0,0,218.727842745156,0,0,0,423.519085362203,194.693605796348,0,0,0,0,0,0,0,0,1315.680862893,1824.97668078707,0,0,0,0,0,84.8826363156775,339.53054526271,42.4413181578388,0,0
"129",0,2087.03993790625,0,0,0,0,933.708999472453,0,0,84.8826363156775,1145.02149404546,0,0,0,84.8826363156775,0,127.323954473516,7809.20254104233,127.323954473516,0,0,127.323954473516,0,0,0,0,0,134.739302645663,0,0,754.740186236582,0,212.206590789194,84.8826363156775,0,0,8.30944438833087,498.304084857181,381.077767204364,1242.94663427306,303.610479060833,84.8826363156775,0,0,721.502408683259,0,0,0,0,0,0,1145.91559026165,0,169.765272631355,381.971863420549,0,0,0,0,0,169.765272631355,0,1230.79822657732,42.4413181578388,169.765272631355
"130",0,33.2377775533235,0,74.7849994949778,135.633398861847,0,0,0,0,67.3696513228314,135.633398861847,0,0,0,0,0,59.0602069345005,0,0,0,83.9885400994931,67.3696513228314,0,0,0,0,6748.16958709636,168.871176415171,0,0,1018.59163578813,0,0,0,0,0,0,0,0,8.30944438833087,0,0,0,93.1920807040084,0,0,0,0,0,339.53054526271,0,0,0,0,42.4413181578388,0,49.8566663299852,0,0,0,0,0,0,0,0
"131",0,582.292624956674,0,353.467145390819,0,0,0,0,0,4668.54499736226,304.504575277018,0,0,0,0,0,42.4413181578388,0,0,0,397.696655981026,0,0,0,0,0,1400.56349920868,384.916730511773,0,0,118.120413869001,381.971863420549,8.30944438833087,84.8826363156775,0,0,0,0,241.86798347778,509.295817894065,0,0,0,143.048747033994,389.387211592695,0,0,0,0,0,0,0,0,84.8826363156775,254.647908947033,0,0,84.8826363156775,0,0,509.295817894065,1315.680862893,0,127.323954473516,84.8826363156775
"132",0,101.501525092339,0,0,0,0,0,0,0,1527.8874536822,117.226317652817,0,0,0,0,0,33.2377775533235,339.53054526271,0,0,203.003050184679,1740.09404447139,0,0,0,0,5984.22586025526,83.9885400994931,0,0,430.040337318165,0,84.8826363156775,0,0,0,0,0,0,16.6188887766617,0,0,0,42.4413181578388,0,0,0,0,0,0,0,0,0,0,254.647908947033,0,0,0,0,0,0,169.765272631355,0,1103.47427210381,0
"133",0,650.55637249569,0,109.81096948067,0,0,42.4413181578388,0,0,0,763.943726841098,42.4413181578388,0,0,0,0,0,0,0,0,160.56173202684,0,0,0,0,0,0,8.30944438833087,0,0,1017.69753957195,0,550.843039835719,0,0,0,0,0,0,49.8566663299852,41.5472219416544,0,0,41.5472219416544,16.6188887766617,0,0,0,0,0,0,0,0,169.765272631355,9803.94449446075,0,0,0,0,0,466.854499736226,297.089227104871,0,0,42.4413181578388
"134",0,489.99464046885,0,330.327004658195,101.501525092339,0,212.206590789194,0,0,2164.50722604978,771.359075013244,84.8826363156775,0,212.206590789194,0,0,212.206590789194,0,84.8826363156775,0,16.6188887766617,738.121297459921,0,0,0,0,0,16.6188887766617,0,0,93.1920807040084,0,16.6188887766617,0,0,0,0,0,16.6188887766617,209.524302140641,41.5472219416544,0,0,262.063257119179,127.323954473516,0,0,0,0,0,0,0,0,0,976.150317630291,0,0,0,0,0,0,2291.83118052329,0,0,0
"135",0,16.6188887766617,8.30944438833087,0,305.398671493202,0,0,2079.6245897341,8.30944438833087,1128.4026052688,151.358191422324,0,0,0,0,127.323954473516,84.8826363156775,594.178454209743,127.323954473516,0,75.6790957111622,297.089227104871,0,0,0,49.8566663299852,7045.25881420123,0,0,0,8.30944438833087,0,0,0,0,0,16.6188887766617,0,24.9283331649926,127.323954473516,0,8.30944438833087,0,143.942843250178,24.9283331649926,0,0,0,0,1103.47427210381,0,42.4413181578388,0,0,381.971863420549,0,0,0,8.30944438833087,8.30944438833087,0,42.4413181578388,0,2122.06590789194,42.4413181578388
"136",0,2588.92040762816,0,1765.02237763638,297.089227104871,0,0,0,0,0,254.647908947033,0,0,297.089227104871,0,0,84.8826363156775,254.647908947033,42.4413181578388,0,297.089227104871,933.708999472453,297.089227104871,169.765272631355,0,0,551.737136051904,653.238661144243,0,0,1018.59163578813,0,127.323954473516,0,0,0,42.4413181578388,0,1527.8874536822,84.8826363156775,0,0,0,135.633398861847,50.7507625461696,0,42.4413181578388,0,0,127.323954473516,3777.27731604765,6620.84563262285,0,0,297.089227104871,0,0,84.8826363156775,0,169.765272631355,0,1188.35690841949,0,0,424.413181578388
"137",42.4413181578388,1035.21052456479,0,924.505458867937,721.502408683259,0,84.8826363156775,0,0,4074.36654315252,339.53054526271,0,0,381.971863420549,0,0,2079.6245897341,509.295817894065,127.323954473516,339.53054526271,212.206590789194,891.267681314614,0,0,84.8826363156775,0,0,42.4413181578388,0,0,0,127.323954473516,0,254.647908947033,0,0,254.647908947033,127.323954473516,169.765272631355,746.430741848252,0,0,0,601.593802381889,42.4413181578388,1400.56349920868,84.8826363156775,679.06109052542,0,721.502408683259,8063.85044998936,1655.21140815571,381.971863420549,42.4413181578388,466.854499736226,0,721.502408683259,169.765272631355,0,424.413181578388,0,3352.86413446926,0,2122.06590789194,806.385044998936
"138",0,933.708999472453,0,0,0,0,0,0,0,0,42.4413181578388,0,0,0,0,0,169.765272631355,0,0,84.8826363156775,0,0,0,0,0,0,0,42.4413181578388,0,0,0,84.8826363156775,2631.361725786,84.8826363156775,8.30944438833087,284.309301635618,0,8.30944438833087,381.971863420549,42.4413181578388,0,42.4413181578388,0,84.8826363156775,169.765272631355,0,0,84.8826363156775,0,0,8827.79417683046,1145.91559026165,0,42.4413181578388,1740.09404447139,0,0,42.4413181578388,0,0,84.8826363156775,84.8826363156775,0,0,424.413181578388
"139",0,1230.79822657732,0,1671.83029693237,84.8826363156775,0,127.323954473516,0,0,0,679.06109052542,0,0,42.4413181578388,0,0,339.53054526271,0,0,0,0,0,0,1740.09404447139,0,0,0,1358.12218105084,0,0,0,297.089227104871,636.619772367581,42.4413181578388,0,0,1570.32877184003,0,339.53054526271,178.074717019686,0,0,763.049630624913,127.323954473516,483.473388512888,0,1655.21140815571,0,0,42.4413181578388,23936.9034410211,2037.18327157626,0,0,169.765272631355,0,0,84.8826363156775,0,0,0,0,0,42.4413181578388,721.502408683259
"140",0,498.304084857181,0,194.693605796348,0,0,594.178454209743,0,0,466.854499736226,1442.11072115033,0,0,0,0,0,186.384161408017,933.708999472453,0,0,457.650959131711,212.206590789194,0,0,0,0,2801.12699841736,58.1661107183161,0,0,322.017560269864,0,956.849140205076,84.8826363156775,0,0,0,0,49.8566663299852,143.048747033994,0,0,42.4413181578388,271.266797723694,127.323954473516,0,0,0,0,339.53054526271,0,169.765272631355,0,0,1443.00481736652,0,0,0,0,24.9283331649926,84.8826363156775,679.06109052542,84.8826363156775,0,0
"141",0,0,84.8826363156775,0,143.942843250178,0,0,0,456.756862915527,0,50.7507625461696,0,0,0,0,0,0,466.854499736226,0,0,0,42.4413181578388,0,0,0,167.977080198986,551.737136051904,0,0,0,0,0,0,169.765272631355,0,0,8.30944438833087,0,117.226317652817,0,0,0,0,0,0,0,0,0,0,4583.66236104659,933.708999472453,636.619772367581,0,0,2291.83118052329,466.854499736226,0,169.765272631355,252.859716514664,0,0,0,0,0,339.53054526271
"142",0,658.865816884021,0,59.0602069345005,0,0,84.8826363156775,0,0,0,322.017560269864,0,0,0,0,0,0,0,0,0,1968.02542782106,0,0,212.206590789194,0,0,0,16.6188887766617,0,0,143.942843250178,0,67.3696513228314,0,0,0,0,0,0,49.8566663299852,58.1661107183161,0,99.7133326599704,59.0602069345005,66.475555106647,0,0,0,0,0,0,0,0,0,339.53054526271,0,0,0,0,0,0,466.854499736226,0,0,0
"143",0,827.736993299191,0,16.6188887766617,0,0,84.8826363156775,0,0,0,178.074717019686,0,0,0,0,0,84.8826363156775,0,0,0,338.636449046526,42.4413181578388,0,0,0,0,0,58.1661107183161,0,0,59.0602069345005,0,1337.92690740944,0,0,0,0,66.475555106647,24.9283331649926,318.441175405126,242.762079693964,0,0,0,0,0,0,0,0,0,0,0,0,0,763.943726841098,0,0,0,0,0,0,0,0,0,42.4413181578388
"144",0,1485.44613552436,0,50.7507625461696,127.323954473516,0,212.206590789194,0,0,1697.65272631355,684.688246265198,0,0,806.385044998936,0,0,763.943726841098,424.413181578388,1273.23954473516,84.8826363156775,93.1920807040084,50.7507625461696,0,0,212.206590789194,0,0,135.633398861847,2970.89227104871,0,466.854499736226,0,0,84.8826363156775,0,84.8826363156775,0,42.4413181578388,297.089227104871,1687.55508949285,0,24.9283331649926,0,313.708115881533,143.942843250178,1018.59163578813,0,0,0,127.323954473516,297.089227104871,127.323954473516,0,0,721.502408683259,0,0,84.8826363156775,8.30944438833087,509.295817894065,0,42.4413181578388,42.4413181578388,3734.83599788981,127.323954473516
"145",0,424.413181578388,0,0,84.8826363156775,0,0,0,0,0,381.971863420549,0,0,0,0,0,297.089227104871,0,0,0,42.4413181578388,0,0,0,0,0,3819.71863420549,339.53054526271,0,0,891.267681314614,0,1612.77008999787,0,0,0,0,0,0,42.4413181578388,0,0,8.30944438833087,42.4413181578388,729.81185307159,9337.08999472453,424.413181578388,0,0,0,339.53054526271,0,0,0,2716.24436210168,0,0,0,0,0,0,0,0,0,127.323954473516
"146",0,237.134923954186,0,1134.92385722476,372.768322816034,0,254.647908947033,0,0,1196.66635280782,364.458878427703,0,0,0,0,0,8.30944438833087,1358.12218105084,0,0,101.501525092339,1518.68391307768,0,636.619772367581,0,0,1655.21140815571,59.0602069345005,0,0,151.358191422324,84.8826363156775,8.30944438833087,0,0,0,0,0,0,66.475555106647,8.30944438833087,0,0,254.647908947033,50.7507625461696,0,0,0,0,636.619772367581,0,0,0,0,297.089227104871,0,0,0,220.516035177525,212.206590789194,0,127.323954473516,1697.65272631355,1612.77008999787,0
"147",0,703.989423690413,0,91.4038882716396,50.7507625461696,0,84.8826363156775,0,0,763.943726841098,302.716382844649,0,0,0,0,0,254.647908947033,3395.3054526271,0,0,406.900196585541,390.28130780888,0,509.295817894065,0,0,848.826363156775,24.9283331649926,0,0,59.0602069345005,0,0,212.206590789194,0,0,0,8.30944438833087,66.475555106647,244.550272126333,16.6188887766617,0,8.30944438833087,441.032070355049,0,0,0,0,0,84.8826363156775,169.765272631355,84.8826363156775,0,0,2291.83118052329,0,142.154650817809,0,0,279.576242112025,0,5135.39949709849,0,0,42.4413181578388
"148",0,235.346731521818,0,0,0,0,0,0,0,0,439.24387792268,0,0,0,0,0,84.8826363156775,0,0,0,0,0,0,0,0,0,0,0,0,0,871.966503889399,0,84.8826363156775,0,0,0,0,101.501525092339,8.30944438833087,142.154650817809,0,0,49.8566663299852,117.226317652817,605.432765689298,0,0,0,0,0,0,0,0,823.003933775598,3819.71863420549,0,0,0,0,0,0,0,0,0,84.8826363156775
"149",0,491.782832901219,0,319.335271621311,84.8826363156775,0,84.8826363156775,0,0,2291.83118052329,559.15248422405,0,0,0,0,0,42.4413181578388,466.854499736226,0,0,0,0,0,0,0,0,381.971863420549,379.289574771996,0,0,0,0,390.28130780888,42.4413181578388,0,0,0,241.86798347778,93.1920807040084,1016.80344335576,8.30944438833087,0,0,92.297984487824,101.501525092339,0,0,0,0,0,1443.00481736652,212.206590789194,0,0,1782.53536262923,0,0,42.4413181578388,0,8.30944438833087,0,1230.79822657732,169.765272631355,0,0
"150",0,279.576242112025,0,16.6188887766617,296.195130888687,0,763.943726841098,0,0,127.323954473516,592.390261777374,0,0,0,0,0,169.765272631355,1612.77008999787,42.4413181578388,0,1211.49704915211,84.8826363156775,0,0,0,0,0,262.957353335363,0,0,228.825479565856,0,517.605262282396,42.4413181578388,0,0,0,0,0,566.567832396197,0,0,0,84.8826363156775,339.53054526271,0,0,0,0,0,2716.24436210168,84.8826363156775,0,42.4413181578388,1994.74195341842,0,0,84.8826363156775,0,0,0,0,0,0,42.4413181578388
"151",0,473.375751692188,0,8.30944438833087,0,0,0,0,41.5472219416544,831.313378163929,42.4413181578388,0,0,0,8.30944438833087,0,254.647908947033,1061.03295394597,134.739302645663,0,0,0,0,0,42.4413181578388,75.6790957111622,297.089227104871,149.569998989956,42.4413181578388,0,772.253171229429,0,0,212.206590789194,0,0,8.30944438833087,24.9283331649926,91.4038882716396,16.6188887766617,0,0,0,42.4413181578388,0,0,42.4413181578388,0,0,424.413181578388,2037.18327157626,0,0,0,84.8826363156775,0,0,42.4413181578388,185.490065191832,8.30944438833087,0,0,42.4413181578388,42.4413181578388,212.206590789194
"152",42.4413181578388,2002.15730159057,0,42.4413181578388,0,0,42.4413181578388,0,8.30944438833087,2460.70235693846,364.458878427703,0,0,0,0,0,42.4413181578388,1994.74195341842,0,0,0,84.8826363156775,0,0,0,42.4413181578388,806.385044998936,432.722625966718,721.502408683259,0,424.413181578388,0,271.266797723694,84.8826363156775,0,16.6188887766617,8.30944438833087,287.885686500356,212.206590789194,490.888736685034,42.4413181578388,0,0,551.737136051904,84.8826363156775,0,0,0,0,509.295817894065,127.323954473516,42.4413181578388,0,466.854499736226,42.4413181578388,0,0,254.647908947033,0,42.4413181578388,0,42.4413181578388,0,254.647908947033,42.4413181578388
"153",0,706.040194565453,0,658.865816884021,42.4413181578388,0,0,0,0,254.647908947033,152.252287638509,0,0,0,0,0,8.30944438833087,0,169.765272631355,0,8.30944438833087,533.330054842873,0,0,0,8.30944438833087,42.4413181578388,83.0944438833087,0,0,67.3696513228314,865.445251933437,93.1920807040084,212.206590789194,0,0,16.6188887766617,16.6188887766617,83.0944438833087,0,0,0,0,202.108953968494,84.8826363156775,0,0,0,16.6188887766617,42.4413181578388,42.4413181578388,424.413181578388,0,59.0602069345005,1527.8874536822,0,8.30944438833087,0,0,194.693605796348,0,84.8826363156775,0,0,84.8826363156775
"154",0,1135.81795344095,0,24.9283331649926,0,0,84.8826363156775,0,0,186.384161408017,143.942843250178,0,0,0,0,0,42.4413181578388,3692.39467973197,297.089227104871,0,0,0,0,0,0,0,127.323954473516,0,0,0,593.284357993558,0,0,84.8826363156775,0,0,0,0,8.30944438833087,1160.74628660594,0,0,0,0,127.323954473516,0,0,0,0,42.4413181578388,0,42.4413181578388,42.4413181578388,84.8826363156775,763.943726841098,0,0,84.8826363156775,0,16.6188887766617,84.8826363156775,0,6875.49354156988,2979.20171543704,84.8826363156775
"155",0,0,16.6188887766617,797.181504394421,271.266797723694,0,0,0,16.6188887766617,1358.12218105084,75.6790957111622,0,0,0,169.765272631355,127.323954473516,0,1740.09404447139,127.323954473516,0,0,212.206590789194,0,0,0,0,297.089227104871,8.30944438833087,3777.27731604765,0,0,0,0,127.323954473516,0,0,8.30944438833087,0,24.9283331649926,16.6188887766617,0,0,0,75.6790957111622,0,0,0,42.4413181578388,0,1315.680862893,0,0,0,0,381.971863420549,0,49.8566663299852,679.06109052542,966.946777025776,0,0,0,0,4591.97180543492,84.8826363156775
"156",0,251.071524082295,0,447.553322311011,0,0,0,0,0,5899.34322393959,270.37270150751,0,0,8.30944438833087,0,0,262.957353335363,381.971863420549,0,84.8826363156775,42.4413181578388,754.740186236582,0,0,0,0,1358.12218105084,2713.56207345313,0,0,0,0,169.765272631355,0,0,0,16.6188887766617,16.6188887766617,74.7849994949778,75.6790957111622,0,0,0,142.154650817809,0,0,0,0,0,636.619772367581,84.8826363156775,212.206590789194,0,0,169.765272631355,0,16.6188887766617,0,0,33.2377775533235,0,4880.75158815146,0,169.765272631355,42.4413181578388
"157",0,1246.5230191378,0,0,0,0,593.284357993558,0,0,0,169.765272631355,0,0,0,0,0,0,42.4413181578388,0,0,92.297984487824,0,0,679.06109052542,0,0,0,84.8826363156775,0,0,1348.91864044632,0,2178.44382617789,0,0,0,0,0,0,218.727842745156,0,0,0,220.516035177525,127.323954473516,0,0,0,0,0,0,0,0,1366.43162543917,3819.71863420549,0,0,0,0,0,679.06109052542,169.765272631355,42.4413181578388,0,0
"158",0,1123.03802797169,0,0,0,0,42.4413181578388,0,0,0,805.490948782752,42.4413181578388,0,0,0,0,339.53054526271,127.323954473516,0,0,42.4413181578388,0,0,0,0,0,721.502408683259,260.27506468681,0,0,186.384161408017,0,1416.28829176916,0,0,335.954160397972,0,8.30944438833087,16.6188887766617,498.304084857181,244.550272126333,0,0,644.929216755912,297.089227104871,0,0,0,0,84.8826363156775,0,169.765272631355,0,42.4413181578388,1655.21140815571,0,0,0,0,0,0,1527.8874536822,0,0,0
"159",0,568.356024828566,0,618.212691158551,0,0,84.8826363156775,636.619772367581,0,560.046580440235,916.196014479606,0,50.7507625461696,8.30944438833087,0,0,254.647908947033,127.323954473516,0,0,42.4413181578388,8.30944438833087,0,0,0,0,339.53054526271,0,0,0,220.516035177525,0,0,84.8826363156775,531.804440853176,0,0,0,8.30944438833087,169.765272631355,0,0,0,339.53054526271,8.30944438833087,0,0,0,0,42.4413181578388,636.619772367581,466.854499736226,0,0,1315.680862893,0,0,42.4413181578388,8.30944438833087,93.1920807040084,0,594.178454209743,0,891.267681314614,169.765272631355
"160",0,1628.49488255835,0,0,0,0,297.089227104871,0,0,0,560.046580440235,93.1920807040084,0,0,0,0,16.6188887766617,0,0,0,143.048747033994,0,0,0,0,0,0,16.6188887766617,0,0,1492.8614836965,0,999.290458362915,0,0,0,0,0,0,24.9283331649926,118.120413869001,0,347.839989651041,93.1920807040084,127.323954473516,0,0,0,0,0,0,0,0,857.135807545106,5899.34322393959,0,0,0,0,0,806.385044998936,339.53054526271,0,0,42.4413181578388
"161",0,879.381852061545,0,0,0,0,0,0,0,0,135.633398861847,0,0,0,0,0,0,0,0,0,50.7507625461696,0,0,0,0,0,0,0,0,0,339.53054526271,0,1332.29975166966,0,0,0,0,0,0,539.851306798835,576.033951443383,0,0,8.30944438833087,143.942843250178,0,0,0,0,0,0,0,0,2206.94854420762,679.06109052542,0,0,0,0,0,127.323954473516,0,0,0,0
"162",0,2732.86325087834,0,0,42.4413181578388,0,636.619772367581,0,0,763.943726841098,406.900196585541,0,0,0,0,0,84.8826363156775,891.267681314614,42.4413181578388,0,1213.28524158448,84.8826363156775,0,0,0,0,0,186.384161408017,0,0,271.266797723694,0,2229.19458872405,42.4413181578388,0,0,0,0,8.30944438833087,1229.01003414496,42.4413181578388,0,0,0,169.765272631355,0,0,0,0,0,0,42.4413181578388,0,42.4413181578388,339.53054526271,0,0,0,0,0,254.647908947033,297.089227104871,0,0,0
"163",0,563.885543747644,0,0,0,0,42.4413181578388,0,0,84.8826363156775,0,0,0,0,0,0,0,0,0,0,568.356024828566,0,0,0,0,0,0,0,0,0,822.109837559414,0,860.974770852515,0,0,0,0,0,933.708999472453,49.8566663299852,0,0,0,211.312494573009,42.4413181578388,0,0,0,0,0,0,0,0,424.413181578388,3055.77490736439,0,0,0,0,0,127.323954473516,1527.8874536822,0,0,127.323954473516
"164",0,1459.62370614318,0,0,0,0,42.4413181578388,0,0,1756.71293324805,593.284357993558,0,0,0,0,0,0,6196.43245104446,0,0,93.1920807040084,0,0,0,0,8.30944438833087,1485.44613552436,381.971863420549,0,0,1570.32877184003,0,1103.47427210381,0,0,0,0,42.4413181578388,297.089227104871,1899.76168028204,0,0,0,517.605262282396,976.150317630291,212.206590789194,509.295817894065,0,0,0,2206.94854420762,2079.6245897341,0,806.385044998936,466.854499736226,0,0,42.4413181578388,0,50.7507625461696,0,1061.03295394597,636.619772367581,0,381.971863420549
"165",0,2698.73137710883,0,0,0,0,1748.40348885972,0,0,169.765272631355,1134.92385722476,0,0,0,0,0,551.737136051904,806.385044998936,551.737136051904,0,42.4413181578388,16.6188887766617,0,0,0,0,0,525.914706670727,466.854499736226,0,560.046580440235,0,610.797342986404,42.4413181578388,0,0,0,0,135.633398861847,338.636449046526,49.8566663299852,116.332221436632,0,50.7507625461696,49.8566663299852,0,0,0,0,1061.03295394597,0,42.4413181578388,0,127.323954473516,42.4413181578388,0,0,0,0,0,169.765272631355,42.4413181578388,6578.40431446501,2206.94854420762,0
"166",0,504.825336813143,0,24.9283331649926,339.53054526271,0,127.323954473516,3225.54017999575,0,1400.56349920868,127.323954473516,0,0,0,0,0,212.206590789194,84.8826363156775,0,0,297.089227104871,297.089227104871,0,0,0,0,2206.94854420762,58.1661107183161,0,0,160.56173202684,0,354.361241607003,0,49.8566663299852,0,16.6188887766617,0,8.30944438833087,297.089227104871,0,0,42.4413181578388,254.647908947033,42.4413181578388,0,0,0,0,1909.85931710274,0,0,0,0,297.089227104871,0,0,0,0,84.8826363156775,0,0,0,2554.78853385866,0
"167",0,75.6790957111622,0,50.7507625461696,0,0,127.323954473516,0,0,466.854499736226,8.30944438833087,0,0,0,0,0,0,0,0,0,913.513725831053,806.385044998936,0,0,0,0,679.06109052542,67.3696513228314,0,0,169.765272631355,0,636.619772367581,0,0,8.30944438833087,0,0,0,58.1661107183161,0,0,0,0,93.1920807040084,0,0,0,0,0,0,0,0,0,254.647908947033,0,84.8826363156775,0,0,42.4413181578388,0,0,0,0,0
"168",3521.73531088443,0,0,0,0,0,0,0,182.807776543279,127.323954473516,8.30944438833087,0,0,0,0,1612.77008999787,0,169.765272631355,0,0,0,0,0,0,0,0,679.06109052542,0,1188.35690841949,0,0,42.4413181578388,0,42.4413181578388,0,0,991.875110190769,0,0,0,0,0,8.30944438833087,0,0,0,0,0,0,1824.97668078707,2334.27249868113,0,0,0,0,0,0,339.53054526271,42.4413181578388,0,0,0,0,0,381.971863420549
"169",0,92.297984487824,0,0,0,0,0,0,0,2223.56743298428,75.6790957111622,0,0,0,0,0,212.206590789194,254.647908947033,0,0,0,551.737136051904,0,1018.59163578813,0,0,763.943726841098,24.9283331649926,0,0,1306.47732228849,0,305.398671493202,169.765272631355,0,0,0,0,16.6188887766617,41.5472219416544,0,8.30944438833087,0,8.30944438833087,0,0,0,0,0,424.413181578388,169.765272631355,2206.94854420762,0,0,42.4413181578388,0,0,0,8.30944438833087,0,0,509.295817894065,10016.1510852499,466.854499736226,127.323954473516
"170",0,133.845206429478,0,16.6188887766617,0,0,0,0,0,0,16.6188887766617,0,0,0,0,0,0,0,0,0,1099.89788723907,42.4413181578388,0,42.4413181578388,0,0,0,58.1661107183161,0,0,92.297984487824,0,406.900196585541,0,0,0,0,0,0,24.9283331649926,0,0,16.6188887766617,0,8.30944438833087,0,0,0,0,0,0,0,0,0,721.502408683259,0,0,0,0,8.30944438833087,0,42.4413181578388,0,0,0
"171",0,58.1661107183161,0,143.942843250178,0,0,0,0,0,0,50.7507625461696,0,0,0,0,0,0,0,0,0,406.006100369357,254.647908947033,42.4413181578388,1527.8874536822,0,0,169.765272631355,24.9283331649926,0,0,287.885686500356,0,0,0,0,0,0,0,0,8.30944438833087,0,0,33.2377775533235,24.9283331649926,0,0,0,0,0,0,0,0,0,0,0,0,0,127.323954473516,0,0,0,297.089227104871,0,0,0
"172",0,2909.14977546566,0,0,0,0,169.765272631355,0,0,0,390.28130780888,0,0,0,0,0,127.323954473516,0,0,0,24.9283331649926,0,0,0,0,0,0,0,0,0,948.539695816746,0,644.929216755912,0,0,0,0,0,0,217.833746528971,50.7507625461696,0,220.516035177525,160.56173202684,398.590752197211,0,0,0,0,0,0,0,0,42.4413181578388,5687.13663315039,0,0,0,0,0,42.4413181578388,509.295817894065,0,0,42.4413181578388
"173",0,237.134923954186,0,0,0,0,0,0,0,0,84.8826363156775,0,0,42.4413181578388,0,0,42.4413181578388,0,509.295817894065,0,42.4413181578388,16.6188887766617,0,0,0,0,0,8.30944438833087,0,0,127.323954473516,0,297.089227104871,0,0,847.038170724406,0,1247.41711535399,169.765272631355,647.874083847137,117.226317652817,0,151.358191422324,59.0602069345005,167.977080198986,0,763.943726841098,0,0,42.4413181578388,2546.47908947033,127.323954473516,0,84.8826363156775,976.150317630291,0,0,0,0,0,0,0,0,0,212.206590789194
"174",0,16.6188887766617,0,252.859716514664,127.323954473516,0,84.8826363156775,0,0,169.765272631355,726.235468206852,0,0,2843.5683165752,0,0,127.323954473516,0,0,42.4413181578388,169.765272631355,212.206590789194,0,0,0,0,0,0,0,0,415.209640973872,0,8.30944438833087,0,0,0,0,0,41.5472219416544,227.931383349671,24.9283331649926,0,167.977080198986,41.5472219416544,455.862766699342,0,0,0,0,0,0,0,0,42.4413181578388,3055.77490736439,42.4413181578388,0,42.4413181578388,0,160.56173202684,0,42.4413181578388,0,0,84.8826363156775
"175",0,1797.36605897352,0,0,84.8826363156775,0,0,0,0,0,1239.10767096565,0,0,0,0,0,0,254.647908947033,42.4413181578388,0,0,84.8826363156775,0,0,0,0,84.8826363156775,745.536645632067,381.971863420549,0,814.694489387267,0,509.295817894065,84.8826363156775,0,0,228.825479565856,321.12346405368,311.919923449164,0,0,0,423.519085362203,186.384161408017,178.074717019686,169.765272631355,381.971863420549,0,534.224151059058,42.4413181578388,6281.31508736014,0,0,0,4031.92522499468,0,0,0,143.942843250178,42.4413181578388,0,0,0,0,212.206590789194
"176",0,2834.36477597068,0,0,0,0,262.957353335363,0,0,0,634.831579935213,0,0,0,0,0,178.074717019686,0,0,0,0,212.206590789194,0,0,0,0,0,0,0,0,881.170044493914,42.4413181578388,330.327004658195,0,0,0,0,0,0,322.017560269864,0,0,601.593802381889,262.957353335363,1951.4065390444,0,0,0,0,0,0,0,0,1018.59163578813,1994.74195341842,0,0,42.4413181578388,0,0,84.8826363156775,1782.53536262923,0,0,0
"177",0,387.599019160326,0,169.765272631355,127.323954473516,0,42.4413181578388,0,0,169.765272631355,1213.28524158448,0,0,0,0,0,84.8826363156775,169.765272631355,0,0,127.323954473516,0,0,0,0,0,551.737136051904,83.9885400994931,0,0,220.516035177525,0,594.178454209743,0,0,0,0,0,24.9283331649926,381.077767204364,194.693605796348,0,385.810826727958,475.163944124557,823.003933775598,0,0,0,0,466.854499736226,254.647908947033,2843.5683165752,0,0,2970.89227104871,0,0,0,8.30944438833087,92.297984487824,0,1103.47427210381,0,0,127.323954473516
"178",0,1126.61441283643,0,0,0,0,644.929216755912,0,0,0,534.224151059058,0,0,0,0,0,0,0,0,0,602.487898598073,84.8826363156775,0,0,0,0,0,0,0,0,440.137974138865,0,390.28130780888,0,0,0,0,0,0,1229.90413036114,16.6188887766617,0,3206.23900257053,1629.38897877453,424.413181578388,0,0,0,42.4413181578388,0,84.8826363156775,0,0,339.53054526271,4456.33840657307,0,0,42.4413181578388,0,0,381.971863420549,42.4413181578388,0,0,0
"179",0,2482.9484014549,0,0,0,0,84.8826363156775,0,0,0,1408.87294359701,0,0,0,0,0,169.765272631355,0,0,0,84.8826363156775,0,0,0,0,0,0,0,0,0,679.06109052542,0,322.017560269864,0,0,0,0,0,84.8826363156775,719.71421625089,42.4413181578388,0,8.30944438833087,212.206590789194,356.149434039372,0,0,0,0,0,424.413181578388,0,0,806.385044998936,1867.41799894491,0,0,0,0,0,42.4413181578388,1230.79822657732,84.8826363156775,0,0
"180",0,250.177427866111,0,50.7507625461696,0,0,347.839989651041,0,0,0,186.384161408017,0,0,0,0,0,211.312494573009,169.765272631355,0,84.8826363156775,186.384161408017,1663.52085254404,0,0,0,0,2970.89227104871,33.2377775533235,0,0,42.4413181578388,0,0,42.4413181578388,0,0,0,0,0,127.323954473516,0,0,0,67.3696513228314,159.667635810655,0,0,0,0,0,42.4413181578388,0,0,1154.22503464998,5772.01926946607,0,0,42.4413181578388,0,8.30944438833087,212.206590789194,0,0,0,0
"181",0,516.973744508883,0,0,0,0,0,0,0,721.502408683259,1875.72744333324,0,0,0,0,0,636.619772367581,84.8826363156775,0,0,135.633398861847,0,0,0,0,0,0,91.4038882716396,0,0,661.548105532574,0,899.577125702945,0,0,0,0,50.7507625461696,16.6188887766617,703.989423690413,372.768322816034,0,2000.3691091582,0,1103.47427210381,0,0,0,0,509.295817894065,84.8826363156775,636.619772367581,0,42.4413181578388,3480.18808894278,0,0,0,0,0,0,127.323954473516,0,0,84.8826363156775
"182",0,0,0,168.871176415171,0,0,466.854499736226,0,0,42.4413181578388,746.430741848252,0,0,254.647908947033,0,0,0,0,0,0,0,2716.24436210168,0,0,0,0,0,0,0,0,0,0,0,42.4413181578388,0,0,0,0,84.8826363156775,966.946777025776,0,0,1305.5832260723,721.502408683259,297.089227104871,0,381.971863420549,0,721.502408683259,0,4626.10367920442,169.765272631355,0,42.4413181578388,3777.27731604765,0,0,0,0,42.4413181578388,0,0,0,0,169.765272631355
"183",0,1295.4855892516,0,24.9283331649926,0,0,84.8826363156775,0,0,933.708999472453,1177.3651753826,169.765272631355,0,0,0,0,84.8826363156775,381.971863420549,0,0,0,0,0,0,0,0,0,8.30944438833087,0,0,644.035120539728,0,635.725676151397,0,0,0,0,0,8.30944438833087,3867.7871081031,0,0,0,525.914706670727,933.708999472453,0,0,0,0,0,0,84.8826363156775,0,84.8826363156775,1909.85931710274,0,0,42.4413181578388,0,0,84.8826363156775,0,169.765272631355,0,84.8826363156775
"184",0,787.083867573721,0,0,0,0,0,0,0,0,500.09227728955,42.4413181578388,0,0,0,0,169.765272631355,169.765272631355,0,0,0,8.30944438833087,0,0,0,0,0,271.266797723694,0,0,1187.4628122033,0,729.81185307159,169.765272631355,0,0,0,0,84.8826363156775,143.942843250178,0,0,304.504575277018,772.253171229429,687.370534913751,0,0,0,0,0,0,1103.47427210381,0,475.163944124557,1358.12218105084,0,0,0,0,0,976.150317630291,212.206590789194,0,0,42.4413181578388
"185",0,262.957353335363,0,24.9283331649926,0,0,0,0,0,0,422.624989146019,0,0,0,0,0,0,0,0,84.8826363156775,0,576.665469216896,0,0,0,0,0,500.09227728955,84.8826363156775,0,16.6188887766617,0,0,254.647908947033,0,0,0,1492.8614836965,93.1920807040084,262.957353335363,305.398671493202,0,42.4413181578388,313.708115881533,42.4413181578388,1400.56349920868,1909.85931710274,0,0,0,4456.33840657307,1570.32877184003,0,509.295817894065,9549.29658551372,0,262.957353335363,127.323954473516,0,127.323954473516,42.4413181578388,636.619772367581,0,0,679.06109052542
"186",0,3403.61489701543,0,312.814019665349,0,0,0,0,0,509.295817894065,1264.03600413065,16.6188887766617,0,0,0,0,475.163944124557,636.619772367581,0,84.8826363156775,42.4413181578388,127.323954473516,0,0,0,127.323954473516,0,763.049630624913,2461.59645315465,0,262.957353335363,0,127.323954473516,127.323954473516,0,0,0,464.172211087673,313.708115881533,143.942843250178,127.323954473516,42.4413181578388,0,42.4413181578388,746.430741848252,127.323954473516,127.323954473516,0,0,509.295817894065,466.854499736226,509.295817894065,0,169.765272631355,1400.56349920868,0,0,0,0,42.4413181578388,0,2122.06590789194,0,0,212.206590789194
"187",0,380.18367098818,0,0,0,0,254.647908947033,0,0,0,1765.02237763638,0,0,0,0,0,169.765272631355,0,0,0,127.323954473516,337.742352830341,0,0,0,0,0,0,0,0,42.4413181578388,0,831.313378163929,0,0,0,0,176.286524587317,0,252.859716514664,8.30944438833087,0,1388.94024839828,8.30944438833087,966.946777025776,0,0,0,0,0,0,42.4413181578388,0,127.323954473516,2546.47908947033,0,0,0,0,0,0,976.150317630291,0,0,84.8826363156775
"188",0,275.999857247288,0,0,0,0,0,0,0,0,127.323954473516,0,0,0,0,0,0,254.647908947033,0,0,0,644.035120539728,0,42.4413181578388,0,0,5687.13663315039,132.951110213294,0,0,93.1920807040084,0,127.323954473516,42.4413181578388,0,0,0,41.5472219416544,16.6188887766617,16.6188887766617,0,0,259.380968470626,75.6790957111622,16.6188887766617,0,0,0,0,1782.53536262923,424.413181578388,806.385044998936,0,8.30944438833087,1018.59163578813,0,0,0,0,159.667635810655,0,0,0,42.4413181578388,721.502408683259
"189",0,3808.7269011686,0,0,0,0,0,0,0,0,1154.22503464998,0,0,0,0,0,0,0,0,0,8.30944438833087,0,0,0,0,0,0,0,0,0,1238.21357474947,0,890.373585098429,0,0,0,0,49.8566663299852,0,59.0602069345005,59.0602069345005,0,12212.1078964207,254.647908947033,976.150317630291,0,0,0,0,0,2801.12699841736,381.971863420549,0,84.8826363156775,4880.75158815146,0,0,0,0,0,976.150317630291,0,0,0,127.323954473516
"190",0,1697.65272631355,0,42.4413181578388,0,0,1273.23954473516,0,0,0,1594.36300878884,0,0,0,0,0,0,0,42.4413181578388,0,127.323954473516,42.4413181578388,0,0,0,0,0,84.8826363156775,0,0,924.505458867937,0,254.647908947033,0,0,0,0,84.8826363156775,127.323954473516,3947.042588679,424.413181578388,0,3267.0874019374,1188.35690841949,1485.44613552436,763.943726841098,84.8826363156775,0,0,42.4413181578388,3734.83599788981,127.323954473516,0,84.8826363156775,424.413181578388,0,0,0,0,42.4413181578388,0,0,0,0,84.8826363156775
"191",551.737136051904,329.43290844201,0,0,0,0,0,0,0,0,101.501525092339,0,0,990.981013974584,0,0,0,0,0,0,84.8826363156775,398.590752197211,0,0,0,0,0,16.6188887766617,0,0,42.4413181578388,0,0,169.765272631355,0,300.034094196096,8.30944438833087,160.56173202684,8.30944438833087,0,0,0,203.003050184679,8.30944438833087,84.8826363156775,0,0,0,0,254.647908947033,1824.97668078707,1018.59163578813,0,42.4413181578388,6069.10849657094,0,8.30944438833087,127.323954473516,0,109.81096948067,0,0,0,0,84.8826363156775
"192",0,1047.35893226053,0,0,0,0,0,0,0,0,717.926023818521,0,0,0,0,0,178.074717019686,0,0,0,0,0,0,0,0,0,0,168.871176415171,0,0,220.516035177525,339.53054526271,0,0,0,50.7507625461696,0,152.252287638509,8.30944438833087,168.871176415171,149.569998989956,0,0,160.56173202684,991.875110190769,0,0,0,0,0,381.971863420549,297.089227104871,0,127.323954473516,4668.54499736226,0,0,0,0,0,127.323954473516,0,0,0,169.765272631355
"193",0,422.624989146019,0,1199.61121989904,42.4413181578388,0,0,0,0,0,125.535762041147,0,0,0,0,0,84.8826363156775,0,0,0,0,0,0,0,0,0,0,8.30944438833087,0,0,49.8566663299852,0,0,0,0,0,0,0,0,58.1661107183161,33.2377775533235,0,0,33.2377775533235,16.6188887766617,0,0,0,0,0,0,0,0,0,1485.44613552436,0,8.30944438833087,0,0,0,0,551.737136051904,0,0,0
"194",0,3539.24829587728,0,0,42.4413181578388,0,0,0,0,42.4413181578388,398.590752197211,0,0,0,0,0,42.4413181578388,0,42.4413181578388,381.971863420549,42.4413181578388,1196.66635280782,0,0,1018.59163578813,0,0,1060.13885772978,297.089227104871,0,8.30944438833087,254.647908947033,644.929216755912,0,0,16.6188887766617,0,1340.60919605799,84.8826363156775,0,0,0,237.134923954186,0,651.450468711874,212.206590789194,42.4413181578388,0,0,339.53054526271,5517.37136051904,2206.94854420762,0,0,891.267681314614,1867.41799894491,0,0,0,254.647908947033,42.4413181578388,0,0,0,551.737136051904
"195",0,419.942700497466,0,24.9283331649926,42.4413181578388,0,42.4413181578388,0,0,84.8826363156775,440.137974138865,0,0,0,0,0,0,0,0,0,449.34151474338,0,0,0,0,0,0,16.6188887766617,0,0,109.81096948067,0,84.8826363156775,0,0,0,0,0,0,0,0,0,192.011317147794,42.4413181578388,143.942843250178,0,0,0,0,0,0,0,0,0,4031.92522499468,0,0,0,0,0,127.323954473516,1273.23954473516,0,0,0
"196",0,441.032070355049,0,42.4413181578388,0,84.8826363156775,0,0,0,679.06109052542,1001.07865079528,0,0,169.765272631355,0,0,424.413181578388,1061.03295394597,0,42.4413181578388,42.4413181578388,0,0,0,0,8.30944438833087,84.8826363156775,468.905270611266,5941.78454209743,0,212.206590789194,0,0,42.4413181578388,0,0,0,8.30944438833087,8.30944438833087,372.768322816034,0,0,0,0,618.212691158551,0,0,0,0,5474.9300423612,2801.12699841736,2546.47908947033,0,297.089227104871,1443.00481736652,0,0,0,0,169.765272631355,42.4413181578388,297.089227104871,0,0,551.737136051904
"197",0,1824.08258457088,0,381.971863420549,0,0,0,0,0,42.4413181578388,2460.70235693846,0,0,0,0,0,127.323954473516,0,0,0,0,0,0,0,0,0,42.4413181578388,83.0944438833087,0,0,1076.75774650645,0,0,42.4413181578388,0,0,0,0,0,600.699706165705,0,0,159.667635810655,0,593.284357993558,0,0,0,0,0,0,806.385044998936,0,2122.06590789194,1061.03295394597,0,0,42.4413181578388,0,212.206590789194,127.323954473516,212.206590789194,0,84.8826363156775,381.971863420549
"198",0,801.02046770183,0,24.9283331649926,0,0,0,0,0,42.4413181578388,1050.04122090908,0,0,0,0,0,169.765272631355,679.06109052542,0,0,50.7507625461696,84.8826363156775,0,0,0,0,0,108.916873264486,0,0,516.711166066211,0,483.473388512888,0,0,0,0,92.297984487824,41.5472219416544,465.960403520042,50.7507625461696,0,0,899.577125702945,1655.21140815571,0,0,0,0,0,0,1103.47427210381,0,42.4413181578388,3140.65754368007,0,0,0,0,0,0,169.765272631355,0,0,42.4413181578388
"199",0,368.297841735111,0,8.30944438833087,0,0,0,0,0,0,237.134923954186,0,0,0,0,0,381.971863420549,848.826363156775,0,0,0,42.4413181578388,0,0,0,42.4413181578388,127.323954473516,470.693463043635,0,0,966.946777025776,0,186.384161408017,297.089227104871,0,0,0,127.323954473516,24.9283331649926,159.667635810655,101.501525092339,0,0,169.765272631355,254.647908947033,0,0,0,0,4965.63422446713,1740.09404447139,2164.50722604978,0,169.765272631355,424.413181578388,0,0,127.323954473516,0,1443.00481736652,0,2801.12699841736,0,0,254.647908947033
"200",0,3224.64608377956,0,0,0,0,0,0,0,0,126.429858257332,0,0,0,0,0,84.8826363156775,42.4413181578388,0,0,0,42.4413181578388,0,0,0,0,0,0,0,0,406.900196585541,0,220.516035177525,0,0,0,0,0,0,208.630205924456,243.656175910148,0,254.647908947033,50.7507625461696,118.120413869001,0,0,0,0,0,0,0,0,42.4413181578388,7172.58276867475,0,0,0,0,0,721.502408683259,0,0,0,0
"201",0,58.1661107183161,0,640.45873567499,0,0,0,0,0,0,84.8826363156775,0,0,0,0,0,0,169.765272631355,0,0,0,0,0,0,0,0,84.8826363156775,292.618746023949,0,0,0,0,0,0,0,0,0,0,16.6188887766617,0,0,0,16.6188887766617,127.323954473516,169.765272631355,0,0,0,0,0,0,42.4413181578388,0,127.323954473516,297.089227104871,0,0,0,0,0,0,339.53054526271,0,0,42.4413181578388
"202",0,1671.83029693237,0,0,0,0,0,0,0,0,1482.7638468758,84.8826363156775,0,0,0,0,169.765272631355,0,0,0,0,0,0,0,0,0,0,84.8826363156775,0,0,228.825479565856,0,0,254.647908947033,0,0,0,0,551.737136051904,234.452635305633,297.089227104871,0,0,8.30944438833087,678.166994309236,0,0,0,0,0,42.4413181578388,1188.35690841949,0,1655.21140815571,4074.36654315252,0,0,212.206590789194,0,0,169.765272631355,721.502408683259,0,42.4413181578388,339.53054526271
"203",0,83.0944438833087,0,438.349781706496,0,0,0,636.619772367581,0,127.323954473516,194.693605796348,42.4413181578388,0,0,0,0,42.4413181578388,424.413181578388,0,0,49.8566663299852,3310.42281631142,0,127.323954473516,0,0,2588.92040762816,126.429858257332,0,0,75.6790957111622,0,127.323954473516,0,0,0,0,0,0,0,0,0,0,50.7507625461696,0,0,0,0,0,169.765272631355,169.765272631355,509.295817894065,0,0,2801.12699841736,0,0,0,0,0,0,127.323954473516,0,0,8.30944438833087
"204",0,1705.0680744857,0,33.2377775533235,0,0,84.8826363156775,0,0,0,422.624989146019,0,0,0,0,0,0,0,0,0,966.946777025776,0,0,0,0,0,0,0,0,0,75.6790957111622,0,212.206590789194,0,0,0,0,0,0,8.30944438833087,0,0,1134.02976100858,312.814019665349,381.971863420549,0,0,0,0,0,0,0,0,42.4413181578388,1018.59163578813,0,0,0,0,0,0,297.089227104871,0,0,42.4413181578388
"205",0,880.27594827773,0,0,0,0,0,0,0,679.06109052542,631.255195070475,0,0,0,0,0,381.971863420549,42.4413181578388,0,127.323954473516,0,653.238661144243,0,0,0,0,0,83.0944438833087,0,0,169.765272631355,0,0,0,0,41.5472219416544,0,0,49.8566663299852,440.137974138865,177.180620803501,0,8.30944438833087,84.8826363156775,456.756862915527,84.8826363156775,0,0,0,84.8826363156775,594.178454209743,806.385044998936,0,42.4413181578388,1655.21140815571,0,0,42.4413181578388,0,8.30944438833087,0,297.089227104871,0,0,551.737136051904
"206",0,463.278114871489,0,0,0,0,127.323954473516,0,0,0,228.825479565856,42.4413181578388,0,0,0,0,42.4413181578388,0,0,0,422.624989146019,42.4413181578388,0,0,0,0,0,0,0,0,652.344564928059,0,397.696655981026,0,0,0,0,0,0,66.475555106647,0,0,24.9283331649926,134.739302645663,93.1920807040084,0,0,0,0,0,0,0,0,432.722625966718,4116.80786131036,0,0,0,0,0,0,127.323954473516,0,0,0
"207",0,2062.11160474125,0,0,0,0,827.605704077856,0,0,4392.67642933631,1031.05580237063,190.985931710274,0,0,63.6619772367581,0,63.6619772367581,254.647908947033,0,0,63.6619772367581,0,0,0,0,0,0,483.026340404796,0,0,711.404771862559,0,139.788121056013,0,0,0,0,0,190.985931710274,304.504575277018,0,0,0,1413.02766579118,63.6619772367581,0,0,0,0,63.6619772367581,0,0,0,0,2037.18327157626,0,12.4641665824963,0,0,0,0,1655.21140815571,0,0,0
"208",0,254.647908947033,0,271.266797723694,169.765272631355,0,42.4413181578388,0,0,2546.47908947033,594.178454209743,0,0,381.971863420549,0,0,169.765272631355,0,0,0,1952.30063526058,891.267681314614,0,0,0,0,0,3607.51204341629,0,0,381.971863420549,0,42.4413181578388,84.8826363156775,0,0,0,0,84.8826363156775,890.373585098429,0,0,42.4413181578388,42.4413181578388,127.323954473516,0,0,0,0,0,5390.04740604552,594.178454209743,0,0,1018.59163578813,0,0,0,0,0,0,0,0,0,254.647908947033
"209",0,42.4413181578388,109.81096948067,0,0,0,0,0,182.807776543279,424.413181578388,0,0,0,0,0,7045.25881420123,0,127.323954473516,0,0,0,0,0,0,0,49.8566663299852,42.4413181578388,0,169.765272631355,0,551.737136051904,0,0,42.4413181578388,0,0,0,0,0,0,0,0,0,0,0,0,381.971863420549,0,0,4838.31026999362,254.647908947033,721.502408683259,0,0,0,42.4413181578388,0,84.8826363156775,84.8826363156775,0,0,0,0,0,509.295817894065
"210",0,720.608312467074,0,16.6188887766617,0,0,212.206590789194,0,0,2342.58194306946,127.323954473516,42.4413181578388,0,0,0,0,135.633398861847,1443.00481736652,0,0,93.1920807040084,84.8826363156775,0,0,1740.09404447139,8.30944438833087,2334.27249868113,432.722625966718,9591.73790367156,0,363.564782211518,0,59.0602069345005,42.4413181578388,41.5472219416544,0,8.30944438833087,0,143.942843250178,600.699706165705,0,0,0,8.30944438833087,0,297.089227104871,127.323954473516,0,0,509.295817894065,1867.41799894491,594.178454209743,0,84.8826363156775,848.826363156775,0,0,0,0,169.765272631355,0,84.8826363156775,3140.65754368007,594.178454209743,0
