"","Acer_negundo","Acer_rubrum","Acer_saccharum","Aesculus_flava","Ailanthus_altissima","Amelanchier_arborea","Asimina_triloba","Carpinus_caroliniana","Carya_spp","Castanea_dentata","Celtis_occidentalis","Cercis_canadensis","Cornus_alternifolia","Cornus_amomum","Cornus_florida","Corylus_americana","Crataegus_spp","Elaeagnus_umbellata","Fagus_grandifolia","Fraxinus_americana","Fraxinus_pennsylvanica","Hamamelis_virginiana","Hypericum_spathulatum","Juglans_nigra","Lindera_benzoin","Liriodendron_tulipifera","Lonicera_japonica","Lonicera_maackii","Nyssa_sylvatica","Ostrya_virginiana","Oxydendrum_arboreum","Parthenocissus_quinquefolia","Pinus_strobus","Platanus_occidentalis","Populus_grandidentata","Prunus_serotina","Quercus_alba","Quercus_coccinea","Quercus_montana","Quercus_rubra","Quercus_velutina","Rhus_copallinum","Rhus_glabra","Rhus_typhina","Rosa_multiflora","Rubus_allegheniensis","Rubus_occidentalis","Sambucus_canadensis","Sassafras_albidum","Smilax_spp","Spiraea_tomentosa","Tilia_americana","Toxicodendron_radicans","Ulmus_americana","Ulmus_rubra","Vaccinium_spp","Viburnum_acerifolium","Viburnum_dentatum","Viburnum_prunifolium","Vitis_spp"
"1",0,127.323954473516,509.295817894065,0,0,127.323954473516,0,63.6619772367581,1082.25361302489,0,0,445.633840657307,0,0,0,0,0,0,0,1018.59163578813,0,0,0,0,0,0,0,0,0,0,0,63.6619772367581,0,0,0,0,0,0,891.267681314614,318.309886183791,636.619772367581,0,0,0,0,0,763.943726841098,0,63.6619772367581,3628.73270249521,0,0,0,0,0,0,827.605704077856,0,0,0
"2",0,190.985931710274,127.323954473516,0,0,0,0,0,0,0,0,0,0,0,0,0,0,0,1273.23954473516,0,0,0,0,0,0,63.6619772367581,0,0,63.6619772367581,0,0,0,0,0,0,0,0,0,0,0,0,0,0,0,0,0,0,0,0,1082.25361302489,0,0,0,0,0,0,0,0,0,0
"3",0,0,190.985931710274,63.6619772367581,0,0,0,0,0,0,0,0,0,0,63.6619772367581,318.309886183791,0,0,1209.5775674984,509.295817894065,0,0,0,0,1464.22547644544,0,0,0,190.985931710274,0,0,0,0,0,0,0,0,0,127.323954473516,127.323954473516,0,0,0,0,0,0,0,0,0,2801.12699841736,0,254.647908947033,0,0,190.985931710274,0,63.6619772367581,0,0,0
"4",0,63.6619772367581,381.971863420549,0,0,1527.8874536822,0,2164.50722604978,63.6619772367581,0,0,0,0,0,318.309886183791,63.6619772367581,127.323954473516,0,254.647908947033,763.943726841098,0,0,0,0,0,0,0,0,0,6493.52167814933,0,0,0,0,0,0,127.323954473516,0,0,572.957795130823,0,0,0,0,0,0,0,0,0,0,0,0,0,0,0,0,1909.85931710274,0,0,0
"5",0,0,0,0,0,63.6619772367581,0,0,254.647908947033,0,0,445.633840657307,0,0,0,0,0,0,0,1973.5212943395,0,0,0,0,700.281749604339,0,0,0,0,3883.38061144225,0,0,0,0,0,0,127.323954473516,0,0,190.985931710274,0,0,0,0,0,0,0,0,0,6429.85970091257,0,0,0,0,0,0,2673.80304394384,0,63.6619772367581,0
"6",0,84.8826363156775,127.323954473516,0,0,0,0,297.089227104871,0,0,0,0,0,0,42.4413181578388,0,0,0,806.385044998936,212.206590789194,0,0,0,0,3947.042588679,0,0,0,84.8826363156775,42.4413181578388,0,0,0,0,0,0,0,0,0,0,0,0,0,0,0,0,0,0,0,891.267681314614,0,0,0,0,0,0,0,0,0,0
"7",0,0,63.6619772367581,0,0,0,0,63.6619772367581,190.985931710274,0,0,2100.84524881302,0,0,127.323954473516,0,0,0,254.647908947033,4456.33840657307,2737.4650211806,0,0,0,4392.67642933631,0,1082.25361302489,572.957795130823,318.309886183791,0,0,63.6619772367581,0,0,0,0,0,0,0,0,63.6619772367581,0,0,0,4965.63422446713,0,254.647908947033,0,318.309886183791,2291.83118052329,0,0,0,318.309886183791,63.6619772367581,0,190.985931710274,0,254.647908947033,254.647908947033
"8",0,0,0,0,0,190.985931710274,0,381.971863420549,763.943726841098,0,0,0,0,0,0,190.985931710274,0,572.957795130823,1018.59163578813,0,0,0,0,0,891.267681314614,0,0,0,0,0,0,0,0,0,0,0,954.929658551372,0,254.647908947033,190.985931710274,318.309886183791,0,0,0,63.6619772367581,0,0,0,0,4329.01445209955,0,0,0,0,0,0,0,0,0,0
"9",0,0,0,0,0,0,127.323954473516,127.323954473516,0,0,0,0,0,0,0,0,0,0,1909.85931710274,572.957795130823,0,0,0,0,1082.25361302489,0,0,0,0,0,0,0,0,0,0,0,0,0,0,0,0,0,0,0,254.647908947033,0,0,0,0,954.929658551372,0,0,0,0,0,0,0,0,0,0
"10",0,2419.15513499681,127.323954473516,127.323954473516,0,1209.5775674984,63.6619772367581,700.281749604339,1082.25361302489,0,0,0,0,0,63.6619772367581,0,0,0,891.267681314614,63.6619772367581,0,0,0,0,0,318.309886183791,0,0,1527.8874536822,0,254.647908947033,0,0,0,0,63.6619772367581,0,127.323954473516,0,891.267681314614,63.6619772367581,127.323954473516,0,0,0,0,0,0,763.943726841098,8721.69088143586,63.6619772367581,0,0,0,0,0,700.281749604339,0,0,381.971863420549
"11",0,0,381.971863420549,636.619772367581,0,63.6619772367581,0,572.957795130823,0,0,0,0,0,0,190.985931710274,0,127.323954473516,0,572.957795130823,572.957795130823,0,0,0,0,63.6619772367581,0,0,0,0,0,0,0,0,0,0,0,0,0,0,127.323954473516,0,0,0,0,0,0,0,0,0,827.605704077856,0,0,0,0,318.309886183791,0,63.6619772367581,0,1018.59163578813,0
"12",0,63.6619772367581,0,0,0,254.647908947033,0,4010.70456591576,63.6619772367581,0,0,1464.22547644544,0,0,509.295817894065,0,127.323954473516,63.6619772367581,891.267681314614,1336.90152197192,0,0,0,0,4583.66236104659,0,0,0,127.323954473516,190.985931710274,0,63.6619772367581,0,0,0,0,318.309886183791,0,0,190.985931710274,127.323954473516,0,0,0,3246.76083907466,0,318.309886183791,0,0,1018.59163578813,0,0,0,0,381.971863420549,0,381.971863420549,0,0,0
"13",0,127.323954473516,0,0,0,0,0,0,63.6619772367581,0,0,0,0,0,0,0,0,0,254.647908947033,0,0,0,0,0,0,190.985931710274,0,0,954.929658551372,0,381.971863420549,0,0,0,0,0,0,0,2673.80304394384,0,127.323954473516,0,0,0,0,0,0,0,700.281749604339,6302.53574643906,0,0,0,0,0,63.6619772367581,0,0,0,0
"14",0,445.633840657307,0,0,0,63.6619772367581,0,127.323954473516,63.6619772367581,0,0,0,0,0,0,0,0,0,572.957795130823,127.323954473516,0,0,0,0,0,0,0,0,381.971863420549,190.985931710274,0,0,0,0,0,0,0,0,63.6619772367581,63.6619772367581,127.323954473516,0,0,0,254.647908947033,0,0,0,0,2801.12699841736,0,0,0,0,0,0,3119.43688460115,0,0,0
"15",0,572.957795130823,381.971863420549,0,0,190.985931710274,0,763.943726841098,254.647908947033,0,0,0,0,0,127.323954473516,0,0,0,1145.91559026165,1273.23954473516,0,0,0,0,63.6619772367581,509.295817894065,0,0,0,254.647908947033,63.6619772367581,0,0,0,0,0,0,0,63.6619772367581,127.323954473516,0,0,0,0,0,0,0,0,0,445.633840657307,0,0,0,0,0,0,1400.56349920868,0,0,0
"16",0,509.295817894065,127.323954473516,509.295817894065,0,0,63.6619772367581,0,127.323954473516,0,0,190.985931710274,0,0,0,0,0,0,63.6619772367581,254.647908947033,0,0,0,0,700.281749604339,445.633840657307,0,0,63.6619772367581,0,0,0,0,0,0,63.6619772367581,63.6619772367581,0,254.647908947033,190.985931710274,381.971863420549,0,0,0,0,3565.07072525846,891.267681314614,0,63.6619772367581,4329.01445209955,0,0,0,0,127.323954473516,0,0,0,0,127.323954473516
"17",0,0,127.323954473516,381.971863420549,0,0,0,63.6619772367581,381.971863420549,0,0,63.6619772367581,0,0,254.647908947033,0,0,0,445.633840657307,127.323954473516,0,0,0,0,1018.59163578813,0,0,0,0,63.6619772367581,0,0,0,0,0,0,190.985931710274,0,0,445.633840657307,254.647908947033,0,0,0,190.985931710274,0,0,0,0,1973.5212943395,0,0,0,827.605704077856,0,0,0,0,0,0
"18",0,127.323954473516,0,63.6619772367581,0,0,7384.78935946394,0,0,0,0,0,0,0,0,0,0,0,0,636.619772367581,0,0,0,0,7512.11331393746,0,5347.60608788768,0,0,0,0,0,0,0,0,0,0,0,0,0,0,0,0,0,636.619772367581,0,0,0,0,4965.63422446713,0,0,0,0,0,0,0,0,0,0
"19",0,127.323954473516,0,0,0,63.6619772367581,0,63.6619772367581,254.647908947033,0,0,63.6619772367581,0,0,381.971863420549,0,0,381.971863420549,2037.18327157626,190.985931710274,0,0,0,0,0,0,0,0,318.309886183791,0,254.647908947033,0,0,0,0,318.309886183791,63.6619772367581,0,63.6619772367581,445.633840657307,190.985931710274,0,0,0,1082.25361302489,0,0,0,318.309886183791,3374.08479354818,0,0,0,0,0,318.309886183791,0,0,0,0
"20",0,1464.22547644544,63.6619772367581,0,0,0,0,0,636.619772367581,0,0,0,0,0,127.323954473516,190.985931710274,0,0,0,0,0,0,0,0,0,509.295817894065,0,0,2291.83118052329,0,63.6619772367581,0,0,0,0,445.633840657307,572.957795130823,0,1846.19733986599,127.323954473516,700.281749604339,0,0,0,0,3628.73270249521,0,0,0,4201.69049762604,0,0,0,0,0,0,1846.19733986599,0,0,0
"21",0,0,42.4413181578388,42.4413181578388,0,0,0,0,0,0,0,0,0,0,0,0,0,0,254.647908947033,424.413181578388,0,0,0,0,2419.15513499681,0,0,0,0,0,0,0,0,0,0,0,0,0,0,0,0,0,0,0,42.4413181578388,0,0,0,0,42.4413181578388,0,0,0,0,42.4413181578388,0,0,0,0,0
"22",0,2992.11293012763,0,0,0,127.323954473516,0,127.323954473516,318.309886183791,63.6619772367581,0,0,0,0,0,318.309886183791,0,0,127.323954473516,381.971863420549,0,190.985931710274,0,0,891.267681314614,827.605704077856,0,0,1527.8874536822,0,254.647908947033,63.6619772367581,0,0,0,0,0,0,127.323954473516,127.323954473516,63.6619772367581,0,0,0,0,0,0,0,1718.87338539247,1718.87338539247,0,0,0,0,0,0,127.323954473516,0,0,0
"23",0,63.6619772367581,572.957795130823,127.323954473516,0,0,2291.83118052329,2228.16920328653,700.281749604339,0,0,0,0,0,254.647908947033,63.6619772367581,0,0,2673.80304394384,1273.23954473516,0,0,0,0,190.985931710274,0,0,0,0,63.6619772367581,0,0,0,0,0,0,63.6619772367581,0,0,318.309886183791,0,0,0,0,0,0,0,0,0,891.267681314614,0,0,0,0,0,0,509.295817894065,0,0,0
"24",0,0,127.323954473516,0,0,63.6619772367581,0,0,63.6619772367581,0,0,0,0,0,0,0,0,0,891.267681314614,190.985931710274,0,0,0,0,763.943726841098,0,0,0,63.6619772367581,0,0,0,0,0,0,0,0,0,0,0,0,0,0,0,0,127.323954473516,0,0,0,2037.18327157626,0,0,0,0,0,0,63.6619772367581,0,0,0
"25",0,127.323954473516,0,0,0,0,0,0,63.6619772367581,0,0,318.309886183791,0,0,0,0,0,0,445.633840657307,381.971863420549,0,0,0,0,2992.11293012763,0,0,127.323954473516,63.6619772367581,0,63.6619772367581,0,0,0,0,0,0,0,0,0,0,0,0,0,0,0,0,0,0,1846.19733986599,0,0,0,0,0,0,63.6619772367581,0,0,0
"26",0,0,1082.25361302489,190.985931710274,0,0,0,0,0,0,0,0,0,0,0,0,0,0,891.267681314614,190.985931710274,0,0,0,0,254.647908947033,0,0,0,0,63.6619772367581,0,0,0,0,0,0,0,0,0,0,0,0,0,0,0,0,0,0,0,954.929658551372,0,0,0,0,0,0,0,0,0,0
"27",0,63.6619772367581,190.985931710274,0,0,63.6619772367581,0,827.605704077856,445.633840657307,0,0,0,0,0,127.323954473516,0,0,0,318.309886183791,0,0,0,0,0,0,0,0,0,254.647908947033,0,2228.16920328653,0,190.985931710274,0,0,0,0,0,0,509.295817894065,63.6619772367581,0,0,0,0,0,0,0,445.633840657307,1464.22547644544,0,0,0,0,0,0,3055.77490736439,0,0,0
"28",0,3883.38061144225,254.647908947033,0,0,636.619772367581,0,1400.56349920868,827.605704077856,63.6619772367581,0,0,0,0,254.647908947033,1082.25361302489,0,0,63.6619772367581,190.985931710274,190.985931710274,0,0,0,445.633840657307,190.985931710274,0,0,763.943726841098,0,509.295817894065,381.971863420549,0,0,0,127.323954473516,381.971863420549,0,0,827.605704077856,190.985931710274,0,0,0,0,5856.90190578175,254.647908947033,0,254.647908947033,4647.32433828334,0,0,700.281749604339,0,0,0,5156.62015617741,127.323954473516,445.633840657307,127.323954473516
"29",0,509.295817894065,0,0,0,1273.23954473516,0,0,63.6619772367581,0,0,0,0,0,63.6619772367581,0,0,0,1527.8874536822,0,0,5474.9300423612,0,0,0,63.6619772367581,0,0,318.309886183791,0,10886.1981074856,0,0,0,0,0,0,0,0,190.985931710274,63.6619772367581,0,0,0,0,0,0,0,1591.54943091895,8530.70494972559,0,0,0,0,0,127.323954473516,254.647908947033,0,0,0
"30",0,0,63.6619772367581,0,0,0,0,636.619772367581,127.323954473516,0,0,0,0,0,0,0,0,0,190.985931710274,63.6619772367581,0,0,0,0,700.281749604339,0,0,0,0,0,0,63.6619772367581,0,0,0,0,0,0,0,0,0,0,0,0,0,0,0,0,0,0,0,0,0,0,0,0,445.633840657307,0,0,0
"31",0,0,445.633840657307,0,0,0,0,0,381.971863420549,0,0,0,190.985931710274,0,0,0,0,0,190.985931710274,127.323954473516,0,0,0,0,763.943726841098,254.647908947033,0,0,1464.22547644544,0,0,0,0,0,0,127.323954473516,0,0,0,127.323954473516,63.6619772367581,0,0,0,127.323954473516,0,1400.56349920868,0,63.6619772367581,509.295817894065,0,0,0,0,63.6619772367581,0,636.619772367581,0,0,63.6619772367581
"32",0,190.985931710274,0,127.323954473516,0,572.957795130823,0,0,0,0,0,0,0,0,63.6619772367581,0,0,0,254.647908947033,63.6619772367581,0,0,0,0,509.295817894065,0,63.6619772367581,0,63.6619772367581,0,1336.90152197192,0,0,0,0,0,1082.25361302489,0,0,0,0,0,0,0,0,0,0,0,63.6619772367581,2482.81711223357,0,0,0,0,0,0,318.309886183791,0,0,0
"33",0,63.6619772367581,63.6619772367581,254.647908947033,0,0,0,0,190.985931710274,0,0,0,0,0,0,381.971863420549,0,0,0,63.6619772367581,0,0,0,0,2291.83118052329,0,0,0,0,0,0,381.971863420549,0,0,0,0,0,0,127.323954473516,63.6619772367581,0,0,0,0,1018.59163578813,127.323954473516,0,0,0,4647.32433828334,0,0,0,0,0,0,318.309886183791,0,0,509.295817894065
"34",0,190.985931710274,0,0,0,0,0,0,0,0,0,0,0,0,0,0,0,0,1846.19733986599,254.647908947033,0,0,0,0,445.633840657307,0,0,0,0,0,954.929658551372,0,0,0,0,0,63.6619772367581,0,0,63.6619772367581,0,0,0,0,254.647908947033,63.6619772367581,0,0,0,827.605704077856,0,0,0,0,0,0,0,0,0,0
"35",0,318.309886183791,0,0,0,509.295817894065,0,700.281749604339,127.323954473516,0,0,190.985931710274,0,0,0,0,0,0,190.985931710274,1273.23954473516,0,0,0,0,1464.22547644544,0,509.295817894065,0,63.6619772367581,0,0,63.6619772367581,0,0,0,0,0,0,63.6619772367581,0,0,0,0,0,63.6619772367581,572.957795130823,0,0,0,8976.3387903829,0,0,0,0,0,0,0,0,0,0
"36",0,254.647908947033,0,0,0,0,1400.56349920868,0,63.6619772367581,0,0,0,0,254.647908947033,0,0,0,0,0,0,0,0,0,0,318.309886183791,0,0,0,0,0,0,190.985931710274,0,0,0,0,0,0,0,0,0,0,0,0,12605.0714928781,891.267681314614,0,0,0,63.6619772367581,0,0,1464.22547644544,127.323954473516,0,0,0,0,827.605704077856,763.943726841098
"37",0,445.633840657307,63.6619772367581,0,0,318.309886183791,0,0,572.957795130823,0,0,0,0,0,0,0,0,0,254.647908947033,0,0,0,0,0,0,0,0,0,0,0,0,0,0,0,0,0,0,0,318.309886183791,0,0,0,0,0,0,0,0,0,0,891.267681314614,0,0,0,0,0,0,0,0,0,0
"38",0,0,127.323954473516,0,0,63.6619772367581,0,63.6619772367581,318.309886183791,0,0,0,0,0,0,0,0,0,254.647908947033,2164.50722604978,0,0,0,0,3183.09886183791,0,0,0,0,63.6619772367581,0,0,0,0,0,0,0,0,0,254.647908947033,63.6619772367581,0,0,0,0,0,0,0,0,318.309886183791,0,0,0,63.6619772367581,0,0,0,0,0,0
"39",0,0,127.323954473516,0,0,0,0,63.6619772367581,0,0,0,0,0,0,0,0,63.6619772367581,0,0,381.971863420549,254.647908947033,0,0,0,0,0,0,0,2737.4650211806,0,0,127.323954473516,0,0,0,0,0,0,0,0,63.6619772367581,0,0,0,63.6619772367581,0,0,0,0,509.295817894065,0,0,0,0,63.6619772367581,0,0,0,0,63.6619772367581
"40",0,0,0,0,0,0,0,0,0,0,0,0,0,0,0,0,0,0,190.985931710274,0,0,0,0,0,0,0,0,0,0,0,0,0,0,0,0,0,0,0,0,0,0,0,0,0,0,0,0,0,0,190.985931710274,0,0,0,0,0,0,0,0,0,0
"41",190.985931710274,1655.21140815571,190.985931710274,0,0,127.323954473516,0,891.267681314614,1018.59163578813,0,0,254.647908947033,0,0,63.6619772367581,1018.59163578813,254.647908947033,0,190.985931710274,254.647908947033,63.6619772367581,0,0,0,700.281749604339,0,4329.01445209955,0,63.6619772367581,0,0,127.323954473516,127.323954473516,0,0,63.6619772367581,763.943726841098,0,0,763.943726841098,700.281749604339,0,0,0,636.619772367581,3119.43688460115,63.6619772367581,0,381.971863420549,1909.85931710274,0,0,445.633840657307,0,190.985931710274,63.6619772367581,572.957795130823,0,2801.12699841736,127.323954473516
"42",0,0,0,63.6619772367581,0,0,318.309886183791,1909.85931710274,0,0,0,0,0,0,0,0,0,0,1527.8874536822,1973.5212943395,0,0,0,0,1273.23954473516,0,0,0,63.6619772367581,0,0,0,0,0,0,0,0,0,0,0,0,0,0,0,0,0,0,0,0,1209.5775674984,0,0,0,0,0,0,63.6619772367581,0,0,0
"43",0,1400.56349920868,0,0,0,424.413181578388,0,42.4413181578388,84.8826363156775,169.765272631355,0,0,0,0,0,0,0,0,424.413181578388,0,0,339.53054526271,0,0,0,42.4413181578388,0,0,594.178454209743,0,6833.05222341204,0,0,0,0,0,84.8826363156775,212.206590789194,551.737136051904,42.4413181578388,212.206590789194,0,0,0,0,0,42.4413181578388,0,679.06109052542,3013.33358920655,0,0,0,0,0,1740.09404447139,933.708999472453,0,0,0
"44",0,0,318.309886183791,63.6619772367581,0,0,1018.59163578813,0,0,0,0,0,0,0,0,0,0,0,891.267681314614,254.647908947033,0,572.957795130823,0,0,318.309886183791,0,0,0,127.323954473516,0,0,0,0,0,0,0,0,0,0,0,0,0,0,0,63.6619772367581,0,0,0,0,0,0,0,0,0,0,0,63.6619772367581,0,0,0
"45",0,700.281749604339,0,0,0,0,0,63.6619772367581,572.957795130823,0,0,445.633840657307,0,0,0,254.647908947033,0,127.323954473516,318.309886183791,954.929658551372,0,0,0,0,6939.15551880664,63.6619772367581,63.6619772367581,0,445.633840657307,127.323954473516,63.6619772367581,0,0,0,0,0,127.323954473516,0,0,63.6619772367581,0,0,0,0,763.943726841098,63.6619772367581,0,0,254.647908947033,3947.042588679,0,0,0,0,445.633840657307,0,445.633840657307,0,0,0
"46",0,254.647908947033,0,0,0,63.6619772367581,0,0,190.985931710274,0,0,63.6619772367581,0,0,63.6619772367581,0,0,0,636.619772367581,254.647908947033,0,0,0,0,318.309886183791,0,0,0,381.971863420549,254.647908947033,63.6619772367581,0,0,0,0,0,0,0,0,63.6619772367581,63.6619772367581,0,0,0,509.295817894065,0,0,0,254.647908947033,4647.32433828334,0,0,0,0,0,0,254.647908947033,0,0,0
"47",0,190.985931710274,0,127.323954473516,0,0,0,0,0,0,0,0,0,0,63.6619772367581,0,0,0,572.957795130823,636.619772367581,0,0,0,0,572.957795130823,0,0,0,0,127.323954473516,0,0,0,0,0,0,0,0,0,0,0,0,0,0,381.971863420549,0,0,0,0,445.633840657307,0,0,0,0,0,0,0,0,0,0
"48",0,1273.23954473516,509.295817894065,0,0,0,0,1527.8874536822,1273.23954473516,0,0,0,0,0,0,0,0,0,445.633840657307,1145.91559026165,0,0,0,0,2610.14106670708,63.6619772367581,0,0,0,254.647908947033,63.6619772367581,318.309886183791,0,0,0,0,381.971863420549,0,0,190.985931710274,0,0,0,0,0,254.647908947033,0,0,0,2737.4650211806,0,0,318.309886183791,0,0,0,0,0,0,63.6619772367581
"49",0,42.4413181578388,0,0,0,42.4413181578388,0,212.206590789194,0,0,0,0,0,0,0,0,0,0,509.295817894065,212.206590789194,0,212.206590789194,0,0,2249.38986236545,0,0,0,0,0,0,0,0,0,0,0,0,0,0,0,0,0,0,0,0,0,0,0,0,1103.47427210381,0,0,0,0,0,0,0,0,0,0
"50",0,190.985931710274,0,0,0,63.6619772367581,0,1527.8874536822,0,0,0,0,0,0,0,0,0,0,700.281749604339,254.647908947033,0,0,0,0,6175.21179196554,0,0,0,63.6619772367581,0,63.6619772367581,0,0,0,0,0,0,0,0,0,0,0,0,0,0,0,0,0,0,827.605704077856,0,0,0,0,0,0,0,127.323954473516,0,0
"51",0,1082.25361302489,0,0,0,0,0,0,381.971863420549,0,0,0,0,0,0,0,0,0,636.619772367581,1527.8874536822,0,0,0,0,381.971863420549,63.6619772367581,0,0,0,0,190.985931710274,0,0,0,0,0,63.6619772367581,0,0,127.323954473516,0,0,0,0,63.6619772367581,0,127.323954473516,0,0,1400.56349920868,0,63.6619772367581,0,0,0,0,1464.22547644544,0,0,0
"52",0,0,0,0,0,0,2864.78897565412,0,0,0,0,0,0,0,0,0,0,0,0,0,0,0,0,0,1909.85931710274,0,0,0,0,0,0,572.957795130823,0,0,0,0,0,0,0,0,0,0,0,0,6811.83156433312,0,0,0,0,0,0,0,827.605704077856,0,0,0,0,0,63.6619772367581,0
"53",0,63.6619772367581,0,0,0,0,0,0,0,0,0,0,0,0,0,0,0,0,254.647908947033,0,0,0,0,0,0,0,0,0,318.309886183791,0,509.295817894065,0,0,0,0,0,0,0,0,127.323954473516,63.6619772367581,0,0,0,0,0,0,0,0,11522.8178798532,0,0,0,0,0,0,0,0,0,0
"54",0,63.6619772367581,318.309886183791,0,0,0,1973.5212943395,127.323954473516,0,0,0,0,0,0,254.647908947033,0,0,0,0,127.323954473516,0,0,0,0,127.323954473516,63.6619772367581,2419.15513499681,2228.16920328653,0,0,0,700.281749604339,0,254.647908947033,0,0,0,0,0,0,0,0,0,0,3501.4087480217,63.6619772367581,0,0,0,0,0,0,1082.25361302489,254.647908947033,0,0,0,0,0,63.6619772367581
"55",0,1082.25361302489,63.6619772367581,0,0,318.309886183791,0,1655.21140815571,190.985931710274,0,0,0,0,0,254.647908947033,0,190.985931710274,0,572.957795130823,127.323954473516,63.6619772367581,1464.22547644544,0,0,0,127.323954473516,0,0,63.6619772367581,0,0,0,0,0,0,63.6619772367581,1273.23954473516,0,0,636.619772367581,0,572.957795130823,0,0,2100.84524881302,1718.87338539247,127.323954473516,254.647908947033,254.647908947033,445.633840657307,0,0,0,0,0,0,2164.50722604978,0,254.647908947033,127.323954473516
"56",0,700.281749604339,0,0,0,0,0,63.6619772367581,509.295817894065,0,0,0,0,0,63.6619772367581,0,0,0,0,127.323954473516,0,2291.83118052329,0,63.6619772367581,381.971863420549,190.985931710274,0,0,0,0,190.985931710274,0,0,0,0,0,381.971863420549,0,0,0,0,0,0,0,1527.8874536822,0,127.323954473516,0,0,4265.3524748628,0,0,0,0,0,0,827.605704077856,0,0,700.281749604339
"57",0,0,0,0,0,0,0,0,1082.25361302489,0,0,0,0,0,0,0,0,0,63.6619772367581,4520.00038380983,0,0,0,0,2737.4650211806,63.6619772367581,0,0,63.6619772367581,0,0,190.985931710274,0,0,0,0,190.985931710274,0,63.6619772367581,891.267681314614,190.985931710274,0,0,0,0,0,0,0,763.943726841098,3183.09886183791,0,0,0,0,0,0,0,0,0,0
"58",0,763.943726841098,0,0,0,0,0,0,0,63.6619772367581,0,0,0,0,0,0,0,0,127.323954473516,0,0,0,0,0,0,0,0,0,2419.15513499681,0,572.957795130823,0,636.619772367581,0,0,0,63.6619772367581,0,127.323954473516,0,0,0,0,0,0,0,0,0,1846.19733986599,2864.78897565412,0,0,0,0,0,63.6619772367581,0,0,0,0
"59",0,1018.59163578813,0,0,0,0,0,0,318.309886183791,0,0,0,0,0,0,0,0,0,127.323954473516,318.309886183791,0,0,0,0,0,0,0,0,0,0,0,63.6619772367581,0,0,0,0,0,0,0,0,190.985931710274,0,0,0,0,0,0,0,0,9421.9726310402,0,0,0,0,0,0,0,0,0,0
"60",0,1740.09404447139,169.765272631355,0,0,933.708999472453,0,169.765272631355,551.737136051904,84.8826363156775,0,0,0,0,42.4413181578388,679.06109052542,0,0,594.178454209743,127.323954473516,0,84.8826363156775,0,0,127.323954473516,1315.680862893,0,0,466.854499736226,0,933.708999472453,42.4413181578388,0,0,212.206590789194,254.647908947033,848.826363156775,212.206590789194,297.089227104871,636.619772367581,127.323954473516,0,0,0,0,2504.03777131249,424.413181578388,0,636.619772367581,424.413181578388,0,0,0,0,1188.35690841949,0,806.385044998936,0,0,254.647908947033
"61",0,63.6619772367581,0,0,0,63.6619772367581,0,0,190.985931710274,0,0,0,0,0,0,0,0,0,1718.87338539247,0,0,0,0,0,0,0,0,0,63.6619772367581,0,0,0,0,0,0,0,0,0,0,0,0,0,0,0,0,0,0,0,63.6619772367581,2355.49315776005,0,0,0,0,0,0,0,0,0,0
"62",0,0,0,0,0,0,1527.8874536822,0,190.985931710274,0,0,0,0,0,0,0,0,0,0,0,0,0,0,0,2610.14106670708,0,0,0,0,0,0,127.323954473516,0,0,0,0,0,0,0,0,0,0,0,0,318.309886183791,0,0,254.647908947033,0,190.985931710274,0,0,4010.70456591576,127.323954473516,0,0,0,0,0,0
"63",0,63.6619772367581,63.6619772367581,0,0,0,0,0,63.6619772367581,0,0,445.633840657307,0,0,0,0,0,254.647908947033,891.267681314614,63.6619772367581,0,0,0,0,4201.69049762604,0,0,0,127.323954473516,0,0,0,0,0,0,0,63.6619772367581,0,0,0,0,0,0,0,3374.08479354818,63.6619772367581,0,0,0,1846.19733986599,0,0,0,0,0,0,190.985931710274,0,0,190.985931710274
"64",0,445.633840657307,0,0,0,0,0,0,63.6619772367581,0,0,0,0,0,0,0,0,0,254.647908947033,0,0,0,0,0,0,0,0,0,381.971863420549,0,1846.19733986599,0,0,0,0,0,0,0,0,63.6619772367581,63.6619772367581,0,0,0,0,0,0,0,318.309886183791,13878.3110376133,0,0,0,0,0,891.267681314614,0,0,0,0
"65",0,254.647908947033,700.281749604339,0,0,0,2546.47908947033,381.971863420549,0,0,0,636.619772367581,318.309886183791,0,0,0,0,0,0,8339.71901801532,0,0,0,0,5092.95817894065,127.323954473516,0,0,127.323954473516,0,0,0,0,0,0,0,0,0,0,318.309886183791,0,0,0,0,1018.59163578813,63.6619772367581,127.323954473516,0,0,7512.11331393746,0,0,0,0,254.647908947033,0,190.985931710274,0,0,63.6619772367581
"66",0,0,0,0,0,0,42.4413181578388,466.854499736226,0,0,0,0,0,0,0,0,0,0,42.4413181578388,0,0,0,0,0,1527.8874536822,0,0,0,0,0,0,0,0,0,0,0,0,0,0,0,0,0,0,0,0,0,0,0,0,2122.06590789194,0,0,84.8826363156775,0,0,0,0,0,0,0
"67",0,0,976.150317630291,381.971863420549,0,0,0,254.647908947033,84.8826363156775,0,0,84.8826363156775,0,0,42.4413181578388,42.4413181578388,0,0,891.267681314614,127.323954473516,297.089227104871,763.943726841098,0,0,4116.80786131036,84.8826363156775,0,0,0,84.8826363156775,0,0,0,0,0,0,42.4413181578388,0,0,84.8826363156775,169.765272631355,0,0,0,0,0,169.765272631355,0,0,891.267681314614,0,212.206590789194,84.8826363156775,0,127.323954473516,0,679.06109052542,212.206590789194,0,0
"68",0,318.309886183791,381.971863420549,0,0,127.323954473516,0,0,445.633840657307,0,0,0,0,0,0,0,0,0,190.985931710274,2546.47908947033,0,1464.22547644544,0,0,0,0,0,0,891.267681314614,0,127.323954473516,0,0,0,0,63.6619772367581,0,0,0,190.985931710274,63.6619772367581,0,0,0,0,63.6619772367581,0,0,318.309886183791,2737.4650211806,0,0,63.6619772367581,0,0,0,318.309886183791,0,0,127.323954473516
"69",0,0,63.6619772367581,0,0,0,0,0,0,0,0,63.6619772367581,0,0,63.6619772367581,0,0,0,63.6619772367581,700.281749604339,0,0,0,0,127.323954473516,0,0,0,0,0,0,0,0,0,0,0,0,0,0,0,0,0,0,0,0,63.6619772367581,0,0,0,509.295817894065,0,0,0,0,0,0,0,0,0,127.323954473516
"70",0,63.6619772367581,0,0,0,954.929658551372,0,891.267681314614,2419.15513499681,0,0,0,0,0,127.323954473516,0,0,0,509.295817894065,1209.5775674984,0,0,0,0,0,0,0,0,572.957795130823,2737.4650211806,381.971863420549,0,0,0,0,63.6619772367581,63.6619772367581,0,0,190.985931710274,63.6619772367581,0,0,0,0,0,0,0,0,381.971863420549,0,63.6619772367581,0,0,0,0,1273.23954473516,0,0,0
"71",0,0,318.309886183791,0,0,190.985931710274,0,0,763.943726841098,0,0,445.633840657307,0,0,0,0,0,0,0,509.295817894065,827.605704077856,0,0,0,381.971863420549,0,0,63.6619772367581,0,0,0,127.323954473516,0,0,0,0,0,0,0,0,0,0,0,0,127.323954473516,63.6619772367581,0,0,0,3183.09886183791,0,0,0,0,63.6619772367581,0,3183.09886183791,0,190.985931710274,0
"72",0,763.943726841098,0,127.323954473516,0,63.6619772367581,0,0,700.281749604339,0,0,572.957795130823,0,0,0,0,127.323954473516,0,509.295817894065,7130.14145051691,0,0,0,0,700.281749604339,0,0,0,127.323954473516,0,318.309886183791,0,0,0,0,63.6619772367581,318.309886183791,0,0,636.619772367581,63.6619772367581,0,0,0,0,63.6619772367581,0,0,318.309886183791,9740.28251722399,0,0,0,0,0,0,190.985931710274,0,63.6619772367581,0
"73",0,0,0,0,0,0,0,0,0,0,0,0,0,0,0,0,0,0,127.323954473516,0,0,0,0,0,0,0,0,0,0,0,0,0,0,0,0,0,0,0,0,0,0,0,0,0,0,0,0,0,0,1655.21140815571,0,0,0,0,0,0,0,0,0,0
"74",0,636.619772367581,0,0,0,0,0,0,254.647908947033,0,0,0,0,0,0,0,0,0,190.985931710274,381.971863420549,0,0,0,0,318.309886183791,0,445.633840657307,63.6619772367581,63.6619772367581,0,0,63.6619772367581,0,0,0,0,190.985931710274,0,0,127.323954473516,127.323954473516,0,0,0,0,0,0,0,63.6619772367581,1018.59163578813,0,0,0,0,0,0,190.985931710274,0,0,0
"75",0,1209.5775674984,0,0,0,0,190.985931710274,0,63.6619772367581,0,0,0,0,0,0,0,0,0,572.957795130823,63.6619772367581,0,0,0,0,0,0,0,0,127.323954473516,0,572.957795130823,0,0,0,0,0,0,0,0,0,0,0,0,0,0,0,0,0,0,2737.4650211806,0,0,0,0,0,0,1336.90152197192,0,0,0
"76",0,572.957795130823,63.6619772367581,0,0,318.309886183791,0,0,2482.81711223357,0,0,0,0,0,0,0,636.619772367581,0,0,127.323954473516,0,1018.59163578813,0,0,190.985931710274,0,0,0,0,0,0,127.323954473516,0,0,0,0,63.6619772367581,0,381.971863420549,509.295817894065,2037.18327157626,0,0,0,254.647908947033,127.323954473516,0,0,127.323954473516,2928.45095289087,0,0,254.647908947033,0,63.6619772367581,0,190.985931710274,0,954.929658551372,127.323954473516
"77",0,63.6619772367581,254.647908947033,0,0,1209.5775674984,0,445.633840657307,190.985931710274,63.6619772367581,0,0,0,0,0,0,445.633840657307,0,2610.14106670708,700.281749604339,0,190.985931710274,0,0,254.647908947033,0,0,0,190.985931710274,2610.14106670708,127.323954473516,63.6619772367581,0,0,0,0,63.6619772367581,0,63.6619772367581,63.6619772367581,0,0,0,0,0,0,0,0,0,445.633840657307,0,0,0,0,0,190.985931710274,254.647908947033,0,0,0
"78",0,1209.5775674984,0,0,0,127.323954473516,0,63.6619772367581,190.985931710274,0,0,0,0,0,127.323954473516,0,0,0,636.619772367581,509.295817894065,0,0,0,0,190.985931710274,445.633840657307,0,0,127.323954473516,0,636.619772367581,63.6619772367581,0,0,0,0,0,0,0,318.309886183791,190.985931710274,0,0,0,763.943726841098,318.309886183791,1464.22547644544,0,0,318.309886183791,954.929658551372,0,0,0,0,0,0,0,0,254.647908947033
"79",0,1018.59163578813,0,0,0,1570.32877184003,0,0,679.06109052542,0,0,0,0,0,169.765272631355,0,0,0,212.206590789194,169.765272631355,0,0,0,0,0,0,0,0,297.089227104871,212.206590789194,0,0,0,0,0,297.089227104871,551.737136051904,1273.23954473516,381.971863420549,0,212.206590789194,0,0,0,0,0,0,0,169.765272631355,4541.22104288875,0,0,0,0,0,84.8826363156775,763.943726841098,0,0,0
"80",0,0,190.985931710274,254.647908947033,0,0,0,0,0,0,0,0,0,0,0,0,0,0,1973.5212943395,381.971863420549,0,0,0,0,127.323954473516,0,0,0,0,0,0,0,0,0,0,0,0,0,0,0,0,0,0,0,0,0,0,0,0,318.309886183791,0,0,0,0,0,0,127.323954473516,0,0,0
"81",0,636.619772367581,0,0,0,0,0,0,318.309886183791,0,0,0,0,0,0,0,0,0,891.267681314614,127.323954473516,0,0,0,0,0,0,0,0,63.6619772367581,0,1527.8874536822,0,0,0,0,0,0,0,381.971863420549,254.647908947033,63.6619772367581,0,0,0,0,0,0,0,0,2355.49315776005,0,0,0,0,0,0,0,0,0,0
"82",0,827.605704077856,127.323954473516,0,0,445.633840657307,0,0,954.929658551372,0,0,1718.87338539247,0,0,0,0,0,0,0,1591.54943091895,0,0,0,0,0,0,0,0,0,63.6619772367581,0,63.6619772367581,0,0,0,0,572.957795130823,0,2037.18327157626,1018.59163578813,1273.23954473516,254.647908947033,318.309886183791,0,0,3692.39467973197,445.633840657307,0,254.647908947033,4520.00038380983,0,0,63.6619772367581,0,318.309886183791,0,1655.21140815571,0,127.323954473516,445.633840657307
"83",0,63.6619772367581,0,190.985931710274,0,254.647908947033,0,318.309886183791,0,0,0,0,381.971863420549,0,0,0,0,0,827.605704077856,5156.62015617741,0,0,0,0,190.985931710274,0,0,0,63.6619772367581,63.6619772367581,0,0,0,0,0,0,318.309886183791,0,0,0,254.647908947033,0,0,0,381.971863420549,0,0,0,63.6619772367581,2037.18327157626,0,0,0,0,0,0,636.619772367581,0,0,0
"84",0,2164.50722604978,0,0,0,636.619772367581,0,0,0,63.6619772367581,0,0,0,0,0,0,0,0,445.633840657307,0,0,2291.83118052329,0,0,0,509.295817894065,0,0,1145.91559026165,0,3183.09886183791,0,0,0,0,0,0,127.323954473516,63.6619772367581,0,0,0,0,0,0,0,0,0,1018.59163578813,1336.90152197192,0,0,63.6619772367581,0,0,14642.2547644544,0,0,0,0
"85",0,318.309886183791,0,0,0,381.971863420549,0,827.605704077856,381.971863420549,0,0,0,0,0,0,0,0,0,763.943726841098,0,0,0,0,0,0,6111.54981472878,0,0,3119.43688460115,0,3437.74677078494,0,0,0,0,190.985931710274,0,0,509.295817894065,254.647908947033,445.633840657307,0,0,0,0,254.647908947033,127.323954473516,0,1782.53536262923,7703.09924564773,0,0,0,0,0,190.985931710274,1018.59163578813,0,0,63.6619772367581
"86",0,0,0,0,127.323954473516,0,0,0,0,0,0,0,0,0,0,0,0,0,63.6619772367581,0,1655.21140815571,381.971863420549,0,0,7830.42320012125,0,0,0,0,0,0,0,0,0,0,0,0,0,0,0,0,0,0,0,0,0,0,0,0,254.647908947033,0,0,0,0,0,0,0,0,0,0
"87",0,509.295817894065,0,0,0,381.971863420549,0,0,63.6619772367581,63.6619772367581,0,0,0,0,0,0,0,0,127.323954473516,0,0,0,0,0,0,0,0,0,1018.59163578813,0,1655.21140815571,0,0,0,0,0,763.943726841098,0,381.971863420549,127.323954473516,381.971863420549,0,0,0,0,0,0,0,4965.63422446713,10249.5783351181,0,0,0,0,0,0,0,0,0,0
"88",0,700.281749604339,63.6619772367581,0,0,190.985931710274,0,1909.85931710274,127.323954473516,190.985931710274,0,0,445.633840657307,0,0,254.647908947033,0,0,381.971863420549,127.323954473516,0,0,127.323954473516,0,127.323954473516,2037.18327157626,0,0,891.267681314614,0,3756.05665696873,63.6619772367581,0,0,63.6619772367581,254.647908947033,509.295817894065,127.323954473516,0,954.929658551372,636.619772367581,0,0,0,0,1782.53536262923,127.323954473516,0,1973.5212943395,509.295817894065,0,0,0,0,0,0,0,0,0,63.6619772367581
"89",0,827.605704077856,63.6619772367581,0,0,0,0,63.6619772367581,127.323954473516,0,63.6619772367581,0,0,0,0,0,63.6619772367581,0,63.6619772367581,190.985931710274,763.943726841098,0,0,0,3628.73270249521,63.6619772367581,0,0,254.647908947033,0,0,0,0,0,0,63.6619772367581,0,0,0,127.323954473516,0,0,0,0,1591.54943091895,1336.90152197192,190.985931710274,0,127.323954473516,1973.5212943395,0,0,63.6619772367581,63.6619772367581,254.647908947033,0,1718.87338539247,0,0,381.971863420549
"90",0,0,339.53054526271,0,0,42.4413181578388,0,0,42.4413181578388,0,0,0,0,0,0,0,127.323954473516,0,127.323954473516,127.323954473516,0,0,0,0,2164.50722604978,0,0,0,0,0,0,0,0,0,0,42.4413181578388,0,0,0,0,0,0,0,0,0,0,0,0,0,1952.30063526058,0,0,0,0,42.4413181578388,0,381.971863420549,0,0,0
"91",0,1909.85931710274,0,0,0,636.619772367581,0,0,127.323954473516,0,0,0,0,0,0,0,0,0,0,0,0,0,0,0,0,6429.85970091257,0,0,445.633840657307,0,6620.84563262285,0,0,63.6619772367581,0,190.985931710274,0,63.6619772367581,190.985931710274,0,254.647908947033,0,0,0,0,0,0,0,318.309886183791,2673.80304394384,0,0,0,0,63.6619772367581,63.6619772367581,127.323954473516,0,0,63.6619772367581
"92",0,254.647908947033,0,0,0,0,127.323954473516,0,0,0,0,0,0,0,0,0,0,0,0,0,0,0,0,0,1846.19733986599,0,0,0,0,0,254.647908947033,63.6619772367581,0,0,0,0,0,0,3947.042588679,63.6619772367581,127.323954473516,0,0,0,0,127.323954473516,1336.90152197192,0,0,17379.719785635,0,0,0,0,0,381.971863420549,0,0,0,381.971863420549
"93",0,0,254.647908947033,0,0,0,318.309886183791,0,0,0,0,0,0,0,0,0,0,0,63.6619772367581,0,63.6619772367581,0,0,0,954.929658551372,0,0,0,0,0,0,0,0,0,0,0,0,0,0,0,0,0,0,0,0,0,0,0,0,891.267681314614,0,63.6619772367581,0,0,0,0,0,0,0,0
"94",0,763.943726841098,0,0,0,0,42.4413181578388,0,0,0,0,0,0,0,0,0,0,0,84.8826363156775,0,0,0,0,0,0,0,0,0,424.413181578388,0,594.178454209743,0,0,0,0,0,0,0,0,0,0,0,0,0,0,0,0,0,381.971863420549,12180.6583112997,0,0,0,0,0,169.765272631355,127.323954473516,0,0,0
"95",0,1273.23954473516,0,0,0,381.971863420549,0,0,445.633840657307,0,0,0,0,0,0,0,0,0,127.323954473516,0,0,0,0,0,0,0,0,63.6619772367581,190.985931710274,0,509.295817894065,0,0,0,0,0,0,254.647908947033,0,0,190.985931710274,0,0,0,0,891.267681314614,0,0,63.6619772367581,7894.08517735801,0,0,0,0,0,63.6619772367581,1145.91559026165,0,0,0
"96",0,0,2737.4650211806,0,0,0,0,0,190.985931710274,0,0,0,0,0,0,0,0,0,0,127.323954473516,127.323954473516,381.971863420549,0,0,1591.54943091895,63.6619772367581,0,0,0,63.6619772367581,0,0,0,0,0,0,0,0,0,0,0,0,0,0,0,0,0,0,0,63.6619772367581,0,318.309886183791,0,63.6619772367581,0,0,0,0,0,0
"97",0,5411.26806512444,0,0,0,509.295817894065,0,0,63.6619772367581,0,0,0,0,0,0,0,0,0,0,0,0,0,0,0,0,7130.14145051691,0,0,1209.5775674984,0,3183.09886183791,0,0,0,0,63.6619772367581,63.6619772367581,700.281749604339,1591.54943091895,190.985931710274,509.295817894065,381.971863420549,0,0,0,1400.56349920868,572.957795130823,0,445.633840657307,9549.29658551372,0,0,0,0,0,127.323954473516,0,0,0,445.633840657307
"98",0,127.323954473516,0,0,0,0,0,190.985931710274,0,0,0,0,0,0,0,0,0,0,445.633840657307,0,2610.14106670708,0,0,0,4265.3524748628,0,0,0,0,190.985931710274,0,190.985931710274,0,0,0,63.6619772367581,0,0,0,0,0,0,0,0,700.281749604339,0,0,0,0,0,0,0,0,63.6619772367581,0,0,0,0,0,445.633840657307
"99",0,63.6619772367581,190.985931710274,0,1591.54943091895,0,0,0,0,0,0,0,63.6619772367581,0,0,0,0,0,0,0,5856.90190578175,0,0,0,2228.16920328653,0,0,0,0,0,0,0,0,0,0,63.6619772367581,0,0,127.323954473516,0,0,0,0,0,572.957795130823,127.323954473516,1655.21140815571,0,63.6619772367581,127.323954473516,0,0,0,254.647908947033,381.971863420549,0,445.633840657307,0,0,0
"100",0,848.826363156775,169.765272631355,0,0,254.647908947033,0,0,594.178454209743,0,0,0,0,0,0,0,0,0,42.4413181578388,933.708999472453,0,0,0,0,424.413181578388,169.765272631355,0,0,254.647908947033,0,1697.65272631355,0,0,0,0,42.4413181578388,0,42.4413181578388,212.206590789194,0,127.323954473516,0,0,0,0,297.089227104871,1782.53536262923,0,891.267681314614,7215.02408683259,0,0,0,0,0,0,254.647908947033,0,0,0
"101",0,63.6619772367581,0,0,0,0,0,0,127.323954473516,0,0,509.295817894065,0,0,0,0,0,0,127.323954473516,0,127.323954473516,0,0,0,17443.3817628717,0,0,0,0,0,0,63.6619772367581,0,0,0,0,0,0,0,190.985931710274,0,0,0,0,63.6619772367581,0,318.309886183791,127.323954473516,0,2419.15513499681,0,0,0,0,0,0,0,0,0,127.323954473516
"102",0,190.985931710274,0,0,63.6619772367581,0,0,381.971863420549,0,0,0,0,0,0,127.323954473516,63.6619772367581,0,0,63.6619772367581,63.6619772367581,0,0,0,0,445.633840657307,254.647908947033,0,0,827.605704077856,0,127.323954473516,0,0,0,0,0,0,0,0,0,0,0,0,0,445.633840657307,1145.91559026165,2546.47908947033,0,0,572.957795130823,0,0,0,0,0,0,0,0,0,0
"103",0,3055.77490736439,0,0,0,0,0,381.971863420549,0,0,0,0,0,0,0,0,0,0,127.323954473516,0,63.6619772367581,0,0,0,0,0,0,0,63.6619772367581,0,63.6619772367581,0,0,0,0,63.6619772367581,0,127.323954473516,63.6619772367581,0,127.323954473516,0,0,0,0,0,0,0,891.267681314614,4010.70456591576,0,0,0,0,0,0,190.985931710274,0,0,63.6619772367581
"104",0,700.281749604339,0,0,0,0,190.985931710274,0,0,0,0,0,0,0,0,0,0,0,63.6619772367581,0,0,0,0,0,14514.9308099809,636.619772367581,0,0,318.309886183791,0,318.309886183791,0,0,0,0,0,0,0,254.647908947033,63.6619772367581,0,0,0,0,0,0,0,0,127.323954473516,6748.16958709636,0,0,0,0,0,0,0,0,0,0
"105",42.4413181578388,2843.5683165752,381.971863420549,0,0,42.4413181578388,0,2419.15513499681,169.765272631355,0,0,0,0,0,127.323954473516,679.06109052542,0,0,0,84.8826363156775,212.206590789194,0,0,0,84.8826363156775,848.826363156775,0,0,594.178454209743,0,254.647908947033,42.4413181578388,0,0,0,169.765272631355,0,0,551.737136051904,509.295817894065,0,0,0,0,0,84.8826363156775,212.206590789194,0,42.4413181578388,212.206590789194,0,42.4413181578388,0,0,0,0,1655.21140815571,0,0,0
"106",0,63.6619772367581,63.6619772367581,0,127.323954473516,0,0,0,0,0,127.323954473516,0,0,0,63.6619772367581,0,0,0,127.323954473516,0,2228.16920328653,0,0,0,5665.91597407147,0,0,0,0,0,0,0,0,0,0,0,0,0,0,0,0,0,0,0,445.633840657307,0,445.633840657307,0,0,700.281749604339,0,0,0,0,0,0,0,0,0,0
"107",0,1209.5775674984,0,0,0,63.6619772367581,127.323954473516,0,0,0,0,0,0,0,0,0,0,0,0,0,0,0,0,0,0,0,0,0,254.647908947033,0,0,0,0,0,0,0,0,0,0,0,0,0,0,0,0,0,0,0,127.323954473516,10886.1981074856,0,0,0,0,0,0,0,0,0,0
"108",0,2843.5683165752,0,0,0,0,0,0,169.765272631355,0,0,0,0,0,0,0,0,0,84.8826363156775,127.323954473516,0,0,0,0,679.06109052542,42.4413181578388,0,0,0,0,254.647908947033,0,0,0,0,0,0,0,42.4413181578388,0,84.8826363156775,0,0,0,0,0,0,0,212.206590789194,11501.5972207743,0,0,0,0,0,0,848.826363156775,0,0,0
"109",0,0,127.323954473516,0,0,0,0,0,190.985931710274,0,0,63.6619772367581,0,0,0,0,0,0,254.647908947033,1973.5212943395,0,0,0,0,572.957795130823,254.647908947033,0,190.985931710274,63.6619772367581,0,0,0,0,0,0,0,127.323954473516,0,0,0,1082.25361302489,0,0,0,572.957795130823,0,509.295817894065,0,0,1273.23954473516,0,0,0,0,0,0,0,0,0,0
"110",0,509.295817894065,318.309886183791,0,0,127.323954473516,63.6619772367581,0,318.309886183791,318.309886183791,63.6619772367581,0,0,0,63.6619772367581,0,0,0,0,0,127.323954473516,0,0,0,63.6619772367581,63.6619772367581,0,0,891.267681314614,0,700.281749604339,0,0,0,0,0,0,0,954.929658551372,0,0,0,0,0,0,0,0,0,318.309886183791,4456.33840657307,0,0,254.647908947033,0,0,0,1782.53536262923,0,0,0
"111",0,0,190.985931710274,0,0,0,0,0,0,0,0,0,0,0,0,0,0,0,954.929658551372,0,0,0,0,0,63.6619772367581,0,0,0,0,0,0,0,0,0,445.633840657307,0,0,0,0,0,0,0,0,0,0,0,0,0,0,381.971863420549,0,0,0,0,0,0,0,0,0,0
"112",0,0,381.971863420549,0,0,0,0,0,0,0,0,0,0,0,0,0,0,0,0,63.6619772367581,0,0,0,0,3819.71863420549,0,0,0,0,0,0,0,0,0,0,0,0,0,0,0,0,0,0,0,0,0,0,0,0,0,0,0,63.6619772367581,0,0,0,0,0,0,0
"113",0,0,0,0,0,0,0,700.281749604339,63.6619772367581,63.6619772367581,63.6619772367581,63.6619772367581,0,0,0,0,0,0,0,0,2291.83118052329,0,0,0,1082.25361302489,0,0,0,0,0,0,509.295817894065,0,0,0,0,127.323954473516,0,190.985931710274,0,0,0,0,0,0,0,381.971863420549,0,0,636.619772367581,0,127.323954473516,0,0,127.323954473516,0,0,0,0,63.6619772367581
"114",0,318.309886183791,127.323954473516,0,0,318.309886183791,0,0,381.971863420549,0,0,0,0,0,0,0,0,0,0,636.619772367581,63.6619772367581,0,0,0,1336.90152197192,127.323954473516,0,0,63.6619772367581,63.6619772367581,254.647908947033,0,0,0,0,0,0,0,0,63.6619772367581,0,0,0,0,254.647908947033,0,127.323954473516,0,763.943726841098,1782.53536262923,0,0,0,0,0,0,190.985931710274,0,127.323954473516,0
"115",0,63.6619772367581,0,0,0,0,0,127.323954473516,63.6619772367581,0,127.323954473516,0,0,0,0,0,0,0,127.323954473516,0,700.281749604339,318.309886183791,0,0,11204.5079936694,127.323954473516,0,0,1655.21140815571,0,0,0,0,0,0,0,0,0,0,63.6619772367581,0,0,0,0,0,0,0,0,0,254.647908947033,0,0,0,0,0,0,0,0,0,0
"116",0,1145.91559026165,0,0,0,0,0,0,254.647908947033,0,0,0,0,0,0,0,0,0,0,0,63.6619772367581,0,0,0,1718.87338539247,1209.5775674984,0,0,190.985931710274,0,190.985931710274,0,0,0,0,0,0,0,254.647908947033,0,0,0,0,0,0,0,0,0,2164.50722604978,4710.9863155201,0,0,0,0,0,0,2291.83118052329,0,0,0
"117",0,954.929658551372,0,0,0,0,0,0,127.323954473516,0,0,572.957795130823,0,0,0,0,0,0,318.309886183791,445.633840657307,0,0,0,0,4265.3524748628,254.647908947033,700.281749604339,0,318.309886183791,0,0,0,0,0,0,0,254.647908947033,0,0,254.647908947033,381.971863420549,0,0,0,509.295817894065,1527.8874536822,3055.77490736439,0,254.647908947033,1145.91559026165,0,0,63.6619772367581,0,381.971863420549,0,63.6619772367581,0,0,127.323954473516
"118",0,0,63.6619772367581,0,318.309886183791,0,0,0,0,0,0,0,0,0,0,0,0,0,63.6619772367581,63.6619772367581,127.323954473516,0,0,0,954.929658551372,63.6619772367581,0,0,0,0,0,0,0,0,0,0,0,0,0,0,0,0,0,0,0,0,0,0,0,4774.64829275686,0,0,0,0,0,0,0,0,0,318.309886183791
"119",0,381.971863420549,763.943726841098,0,0,0,0,0,445.633840657307,0,0,190.985931710274,0,0,0,0,0,0,0,63.6619772367581,1018.59163578813,0,0,0,2546.47908947033,0,0,0,0,0,0,0,0,0,0,127.323954473516,190.985931710274,0,63.6619772367581,127.323954473516,0,0,0,0,0,0,0,0,0,700.281749604339,0,0,0,0,63.6619772367581,0,0,0,0,0
"120",0,7384.78935946394,0,0,0,0,0,0,254.647908947033,0,0,0,0,0,0,0,0,0,63.6619772367581,445.633840657307,0,0,0,0,1909.85931710274,127.323954473516,0,0,381.971863420549,0,0,0,0,0,0,572.957795130823,254.647908947033,0,1591.54943091895,127.323954473516,0,0,63.6619772367581,0,0,0,127.323954473516,0,3628.73270249521,8403.38099525207,0,0,63.6619772367581,0,0,0,2291.83118052329,0,0,254.647908947033
"121",0,1273.23954473516,0,0,0,254.647908947033,0,63.6619772367581,636.619772367581,0,0,0,0,0,318.309886183791,381.971863420549,0,0,0,63.6619772367581,63.6619772367581,636.619772367581,0,0,318.309886183791,63.6619772367581,0,0,127.323954473516,1082.25361302489,0,127.323954473516,0,0,0,254.647908947033,381.971863420549,0,63.6619772367581,254.647908947033,445.633840657307,0,0,0,0,1400.56349920868,63.6619772367581,0,381.971863420549,7894.08517735801,0,0,0,0,0,254.647908947033,4010.70456591576,0,0,0
"122",0,0,0,0,0,0,0,127.323954473516,63.6619772367581,0,0,0,0,0,0,0,63.6619772367581,0,0,0,0,0,0,0,22790.9878507594,0,0,0,0,0,0,0,0,0,0,0,0,0,0,0,0,0,0,0,0,0,0,0,0,63.6619772367581,0,0,63.6619772367581,0,0,0,0,0,0,63.6619772367581
"123",0,0,0,551.737136051904,0,0,0,42.4413181578388,0,0,0,0,0,0,0,0,0,0,0,169.765272631355,0,0,0,0,6535.96299630717,0,0,0,42.4413181578388,0,0,0,0,0,0,0,0,0,0,0,0,0,0,0,0,0,0,0,0,509.295817894065,0,0,0,0,0,0,0,0,0,169.765272631355
"124",0,594.178454209743,254.647908947033,42.4413181578388,0,0,0,381.971863420549,1400.56349920868,0,0,1485.44613552436,0,0,297.089227104871,0,0,0,84.8826363156775,976.150317630291,339.53054526271,0,0,0,0,127.323954473516,0,0,0,0,0,127.323954473516,0,0,0,0,297.089227104871,127.323954473516,127.323954473516,381.971863420549,254.647908947033,0,0,0,84.8826363156775,254.647908947033,42.4413181578388,0,0,509.295817894065,0,0,0,0,42.4413181578388,0,212.206590789194,0,0,254.647908947033
"125",0,169.765272631355,0,84.8826363156775,0,0,0,381.971863420549,127.323954473516,0,0,42.4413181578388,0,0,127.323954473516,0,0,0,254.647908947033,1782.53536262923,0,466.854499736226,0,0,1994.74195341842,0,0,0,169.765272631355,0,0,0,0,0,0,0,0,0,0,594.178454209743,254.647908947033,0,0,0,0,0,127.323954473516,0,0,2122.06590789194,0,0,0,0,0,42.4413181578388,891.267681314614,0,0,0
"126",0,551.737136051904,0,0,0,0,0,0,1061.03295394597,0,0,0,0,0,0,0,0,0,381.971863420549,127.323954473516,0,0,0,0,0,679.06109052542,254.647908947033,0,84.8826363156775,0,933.708999472453,42.4413181578388,0,0,0,0,254.647908947033,0,0,254.647908947033,381.971863420549,0,0,42.4413181578388,0,212.206590789194,933.708999472453,0,0,1612.77008999787,0,0,0,0,0,127.323954473516,0,0,0,42.4413181578388
"127",0,1273.23954473516,1485.44613552436,212.206590789194,0,42.4413181578388,42.4413181578388,297.089227104871,1230.79822657732,0,0,0,0,0,0,381.971863420549,0,0,254.647908947033,84.8826363156775,0,297.089227104871,0,0,212.206590789194,509.295817894065,1145.91559026165,0,466.854499736226,0,42.4413181578388,0,0,0,0,169.765272631355,636.619772367581,0,0,84.8826363156775,42.4413181578388,0,763.943726841098,551.737136051904,127.323954473516,5220.28213341417,254.647908947033,0,127.323954473516,1655.21140815571,0,0,0,84.8826363156775,0,0,636.619772367581,0,0,381.971863420549
"128",0,1145.91559026165,0,0,0,212.206590789194,0,0,381.971863420549,0,0,0,0,0,42.4413181578388,84.8826363156775,0,0,84.8826363156775,169.765272631355,0,0,0,0,0,381.971863420549,0,0,933.708999472453,0,1952.30063526058,0,42.4413181578388,0,0,0,127.323954473516,0,0,381.971863420549,169.765272631355,0,0,0,0,0,0,0,1315.680862893,1824.97668078707,0,0,0,0,0,84.8826363156775,339.53054526271,42.4413181578388,0,0
"129",0,2037.18327157626,0,0,0,933.708999472453,0,84.8826363156775,1103.47427210381,0,0,0,84.8826363156775,0,127.323954473516,7809.20254104233,127.323954473516,0,0,127.323954473516,0,0,0,0,0,84.8826363156775,0,0,721.502408683259,0,212.206590789194,84.8826363156775,0,0,381.971863420549,339.53054526271,1018.59163578813,212.206590789194,0,0,721.502408683259,0,0,0,0,0,1145.91559026165,0,169.765272631355,381.971863420549,0,0,0,0,0,169.765272631355,0,1230.79822657732,42.4413181578388,169.765272631355
"130",0,0,0,127.323954473516,0,0,0,42.4413181578388,127.323954473516,0,0,0,0,0,42.4413181578388,0,0,0,42.4413181578388,42.4413181578388,0,0,0,0,6748.16958709636,127.323954473516,0,0,1018.59163578813,0,0,0,0,0,0,0,0,0,0,84.8826363156775,0,0,0,0,339.53054526271,0,0,0,0,42.4413181578388,0,0,0,0,0,0,0,0,0,0
"131",0,424.413181578388,212.206590789194,0,0,0,0,4668.54499736226,254.647908947033,0,0,0,0,0,42.4413181578388,0,0,0,339.53054526271,0,0,0,0,0,1400.56349920868,127.323954473516,0,0,84.8826363156775,381.971863420549,0,84.8826363156775,0,0,0,42.4413181578388,509.295817894065,0,0,84.8826363156775,339.53054526271,0,0,0,0,0,0,0,84.8826363156775,254.647908947033,0,0,84.8826363156775,0,0,509.295817894065,1315.680862893,0,127.323954473516,84.8826363156775
"132",0,84.8826363156775,0,0,0,0,0,1527.8874536822,42.4413181578388,0,0,0,0,0,0,339.53054526271,0,0,169.765272631355,1740.09404447139,0,0,0,0,5984.22586025526,42.4413181578388,0,0,297.089227104871,0,84.8826363156775,0,0,0,0,0,0,0,0,42.4413181578388,0,0,0,0,0,0,0,0,0,254.647908947033,0,0,0,0,0,0,169.765272631355,0,1103.47427210381,0
"133",0,509.295817894065,84.8826363156775,0,0,42.4413181578388,0,0,763.943726841098,42.4413181578388,0,0,0,0,0,0,0,0,127.323954473516,0,0,0,0,0,0,0,0,0,976.150317630291,0,509.295817894065,0,0,0,0,0,0,0,0,0,0,0,0,0,0,0,0,0,169.765272631355,9803.94449446075,0,0,0,0,0,466.854499736226,297.089227104871,0,0,42.4413181578388
"134",0,381.971863420549,297.089227104871,84.8826363156775,0,212.206590789194,0,2164.50722604978,721.502408683259,84.8826363156775,0,212.206590789194,0,0,212.206590789194,0,84.8826363156775,0,0,721.502408683259,0,0,0,0,0,0,0,0,84.8826363156775,0,0,0,0,0,0,0,84.8826363156775,0,0,212.206590789194,127.323954473516,0,0,0,0,0,0,0,0,976.150317630291,0,0,0,0,0,0,2291.83118052329,0,0,0
"135",0,0,0,297.089227104871,0,0,2079.6245897341,1103.47427210381,84.8826363156775,0,0,0,0,127.323954473516,84.8826363156775,594.178454209743,127.323954473516,0,42.4413181578388,297.089227104871,0,0,0,0,7045.25881420123,0,0,0,0,0,0,0,0,0,0,0,127.323954473516,0,0,127.323954473516,0,0,0,0,1103.47427210381,0,42.4413181578388,0,0,381.971863420549,0,0,0,0,0,0,42.4413181578388,0,2122.06590789194,42.4413181578388
"136",0,2588.92040762816,1740.09404447139,297.089227104871,0,0,0,0,254.647908947033,0,0,297.089227104871,0,0,84.8826363156775,254.647908947033,42.4413181578388,0,297.089227104871,933.708999472453,297.089227104871,169.765272631355,0,0,551.737136051904,636.619772367581,0,0,1018.59163578813,0,127.323954473516,0,0,42.4413181578388,0,1527.8874536822,84.8826363156775,0,0,127.323954473516,42.4413181578388,0,42.4413181578388,0,127.323954473516,3777.27731604765,6620.84563262285,0,0,297.089227104871,0,0,84.8826363156775,0,169.765272631355,0,1188.35690841949,0,0,424.413181578388
"137",42.4413181578388,1018.59163578813,891.267681314614,721.502408683259,0,84.8826363156775,0,4074.36654315252,339.53054526271,0,0,381.971863420549,0,0,2079.6245897341,509.295817894065,127.323954473516,339.53054526271,212.206590789194,891.267681314614,0,0,84.8826363156775,0,0,42.4413181578388,0,0,0,127.323954473516,0,254.647908947033,0,254.647908947033,127.323954473516,169.765272631355,721.502408683259,0,0,551.737136051904,42.4413181578388,1400.56349920868,84.8826363156775,679.06109052542,721.502408683259,8063.85044998936,1655.21140815571,381.971863420549,42.4413181578388,466.854499736226,0,721.502408683259,169.765272631355,0,424.413181578388,0,3352.86413446926,0,2122.06590789194,806.385044998936
"138",0,933.708999472453,0,0,0,0,0,0,42.4413181578388,0,0,0,0,0,169.765272631355,0,0,84.8826363156775,0,0,0,0,0,0,0,42.4413181578388,0,0,0,84.8826363156775,2631.361725786,84.8826363156775,84.8826363156775,0,0,381.971863420549,42.4413181578388,0,0,84.8826363156775,169.765272631355,0,0,84.8826363156775,0,8827.79417683046,1145.91559026165,0,42.4413181578388,1740.09404447139,0,0,42.4413181578388,0,0,84.8826363156775,84.8826363156775,0,0,424.413181578388
"139",0,1230.79822657732,1655.21140815571,84.8826363156775,0,127.323954473516,0,0,679.06109052542,0,0,42.4413181578388,0,0,339.53054526271,0,0,0,0,0,0,1740.09404447139,0,0,0,1358.12218105084,0,0,0,297.089227104871,636.619772367581,42.4413181578388,0,1570.32877184003,0,339.53054526271,169.765272631355,0,721.502408683259,127.323954473516,466.854499736226,0,1655.21140815571,0,42.4413181578388,23936.9034410211,2037.18327157626,0,0,169.765272631355,0,0,84.8826363156775,0,0,0,0,0,42.4413181578388,721.502408683259
"140",0,381.971863420549,169.765272631355,0,0,594.178454209743,0,466.854499736226,1400.56349920868,0,0,0,0,0,169.765272631355,933.708999472453,0,0,424.413181578388,212.206590789194,0,0,0,0,2801.12699841736,0,0,0,297.089227104871,0,848.826363156775,84.8826363156775,0,0,0,0,84.8826363156775,0,42.4413181578388,254.647908947033,127.323954473516,0,0,0,339.53054526271,0,169.765272631355,0,0,1443.00481736652,0,0,0,0,0,84.8826363156775,679.06109052542,84.8826363156775,0,0
"141",0,0,0,127.323954473516,0,0,0,0,42.4413181578388,0,0,0,0,0,0,466.854499736226,0,0,0,42.4413181578388,0,0,0,84.8826363156775,551.737136051904,0,0,0,0,0,0,169.765272631355,0,0,0,42.4413181578388,0,0,0,0,0,0,0,0,4583.66236104659,933.708999472453,636.619772367581,0,0,2291.83118052329,466.854499736226,0,169.765272631355,169.765272631355,0,0,0,0,0,339.53054526271
"142",0,509.295817894065,42.4413181578388,0,0,84.8826363156775,0,0,297.089227104871,0,0,0,0,0,0,0,0,0,1909.85931710274,0,0,212.206590789194,0,0,0,0,0,0,127.323954473516,0,42.4413181578388,0,0,0,0,0,0,0,0,42.4413181578388,0,0,0,0,0,0,0,0,0,339.53054526271,0,0,0,0,0,0,466.854499736226,0,0,0
"143",0,636.619772367581,0,0,0,84.8826363156775,0,0,169.765272631355,0,0,0,0,0,84.8826363156775,0,0,0,297.089227104871,42.4413181578388,0,0,0,0,0,0,0,0,42.4413181578388,0,1188.35690841949,0,0,0,0,0,127.323954473516,84.8826363156775,0,0,0,0,0,0,0,0,0,0,0,763.943726841098,0,0,0,0,0,0,0,0,0,42.4413181578388
"144",0,1485.44613552436,42.4413181578388,127.323954473516,0,212.206590789194,0,1697.65272631355,551.737136051904,0,0,806.385044998936,0,0,763.943726841098,424.413181578388,1273.23954473516,84.8826363156775,84.8826363156775,42.4413181578388,0,0,212.206590789194,0,0,127.323954473516,2970.89227104871,0,466.854499736226,0,0,84.8826363156775,84.8826363156775,0,42.4413181578388,297.089227104871,1612.77008999787,0,0,297.089227104871,127.323954473516,1018.59163578813,0,0,127.323954473516,297.089227104871,127.323954473516,0,0,721.502408683259,0,0,84.8826363156775,0,509.295817894065,0,42.4413181578388,42.4413181578388,3734.83599788981,127.323954473516
"145",0,424.413181578388,0,84.8826363156775,0,0,0,0,381.971863420549,0,0,0,0,0,297.089227104871,0,0,0,42.4413181578388,0,0,0,0,0,3819.71863420549,339.53054526271,0,0,891.267681314614,0,1612.77008999787,0,0,0,0,0,42.4413181578388,0,0,42.4413181578388,721.502408683259,9337.08999472453,424.413181578388,0,0,339.53054526271,0,0,0,2716.24436210168,0,0,0,0,0,0,0,0,0,127.323954473516
"146",0,212.206590789194,1018.59163578813,339.53054526271,0,254.647908947033,0,1188.35690841949,339.53054526271,0,0,0,0,0,0,1358.12218105084,0,0,84.8826363156775,1485.44613552436,0,636.619772367581,0,0,1655.21140815571,42.4413181578388,0,0,84.8826363156775,84.8826363156775,0,0,0,0,0,0,0,0,0,254.647908947033,42.4413181578388,0,0,0,636.619772367581,0,0,0,0,297.089227104871,0,0,0,212.206590789194,212.206590789194,0,127.323954473516,1697.65272631355,1612.77008999787,0
"147",0,679.06109052542,0,42.4413181578388,0,84.8826363156775,0,763.943726841098,169.765272631355,0,0,0,0,0,254.647908947033,3395.3054526271,0,0,381.971863420549,381.971863420549,0,509.295817894065,0,0,848.826363156775,0,0,0,42.4413181578388,0,0,212.206590789194,0,0,0,0,169.765272631355,0,0,424.413181578388,0,0,0,0,84.8826363156775,169.765272631355,84.8826363156775,0,0,2291.83118052329,0,42.4413181578388,0,0,254.647908947033,0,5135.39949709849,0,0,42.4413181578388
"148",0,127.323954473516,0,0,0,0,0,0,339.53054526271,0,0,0,0,0,84.8826363156775,0,0,0,0,0,0,0,0,0,0,0,0,0,763.943726841098,0,84.8826363156775,0,0,0,84.8826363156775,0,42.4413181578388,0,0,42.4413181578388,339.53054526271,0,0,0,0,0,0,0,806.385044998936,3819.71863420549,0,0,0,0,0,0,0,0,0,84.8826363156775
"149",0,466.854499736226,169.765272631355,84.8826363156775,0,84.8826363156775,0,2291.83118052329,509.295817894065,0,0,0,0,0,42.4413181578388,466.854499736226,0,0,0,0,0,0,0,0,381.971863420549,254.647908947033,0,0,0,0,381.971863420549,42.4413181578388,0,0,42.4413181578388,84.8826363156775,933.708999472453,0,0,42.4413181578388,84.8826363156775,0,0,0,0,1443.00481736652,212.206590789194,0,0,1782.53536262923,0,0,42.4413181578388,0,0,0,1230.79822657732,169.765272631355,0,0
"150",0,254.647908947033,0,254.647908947033,0,763.943726841098,0,127.323954473516,509.295817894065,0,0,0,0,0,169.765272631355,1612.77008999787,42.4413181578388,0,1103.47427210381,84.8826363156775,0,0,0,0,0,254.647908947033,0,0,212.206590789194,0,509.295817894065,42.4413181578388,0,0,0,0,466.854499736226,0,0,84.8826363156775,339.53054526271,0,0,0,0,2716.24436210168,84.8826363156775,0,42.4413181578388,1994.74195341842,0,0,84.8826363156775,0,0,0,0,0,0,42.4413181578388
"151",0,381.971863420549,0,0,0,0,0,806.385044998936,42.4413181578388,0,0,0,0,0,254.647908947033,1061.03295394597,84.8826363156775,0,0,0,0,0,42.4413181578388,42.4413181578388,297.089227104871,0,42.4413181578388,0,763.943726841098,0,0,212.206590789194,0,0,0,0,0,0,0,42.4413181578388,0,0,42.4413181578388,0,424.413181578388,2037.18327157626,0,0,0,84.8826363156775,0,0,42.4413181578388,127.323954473516,0,0,0,42.4413181578388,42.4413181578388,212.206590789194
"152",42.4413181578388,1952.30063526058,42.4413181578388,0,0,42.4413181578388,0,2419.15513499681,339.53054526271,0,0,0,0,0,42.4413181578388,1994.74195341842,0,0,0,84.8826363156775,0,0,0,42.4413181578388,806.385044998936,424.413181578388,721.502408683259,0,424.413181578388,0,254.647908947033,84.8826363156775,0,0,254.647908947033,212.206590789194,424.413181578388,42.4413181578388,0,551.737136051904,84.8826363156775,0,0,0,509.295817894065,127.323954473516,42.4413181578388,0,466.854499736226,42.4413181578388,0,0,254.647908947033,0,42.4413181578388,0,42.4413181578388,0,254.647908947033,42.4413181578388
"153",0,381.971863420549,509.295817894065,42.4413181578388,0,0,0,254.647908947033,127.323954473516,0,0,0,0,0,0,0,169.765272631355,0,0,466.854499736226,0,0,0,0,42.4413181578388,0,0,0,42.4413181578388,848.826363156775,84.8826363156775,212.206590789194,0,0,0,0,0,0,0,127.323954473516,84.8826363156775,0,0,0,42.4413181578388,42.4413181578388,424.413181578388,0,42.4413181578388,1527.8874536822,0,0,0,0,169.765272631355,0,84.8826363156775,0,0,84.8826363156775
"154",0,1061.03295394597,0,0,0,84.8826363156775,0,169.765272631355,127.323954473516,0,0,0,0,0,42.4413181578388,3692.39467973197,297.089227104871,0,0,0,0,0,0,0,127.323954473516,0,0,0,551.737136051904,0,0,84.8826363156775,0,0,0,0,1061.03295394597,0,0,0,127.323954473516,0,0,0,42.4413181578388,0,42.4413181578388,42.4413181578388,84.8826363156775,763.943726841098,0,0,84.8826363156775,0,0,84.8826363156775,0,6875.49354156988,2970.89227104871,84.8826363156775
"155",0,0,763.943726841098,254.647908947033,0,0,0,1358.12218105084,42.4413181578388,0,0,0,169.765272631355,127.323954473516,0,1740.09404447139,127.323954473516,0,0,212.206590789194,0,0,0,0,297.089227104871,0,3777.27731604765,0,0,0,0,127.323954473516,0,0,0,0,0,0,0,42.4413181578388,0,0,0,42.4413181578388,1315.680862893,0,0,0,0,381.971863420549,0,0,679.06109052542,933.708999472453,0,0,0,0,4583.66236104659,84.8826363156775
"156",0,84.8826363156775,339.53054526271,0,0,0,0,5899.34322393959,212.206590789194,0,0,0,0,0,254.647908947033,381.971863420549,0,84.8826363156775,42.4413181578388,721.502408683259,0,0,0,0,1358.12218105084,2588.92040762816,0,0,0,0,169.765272631355,0,0,0,0,0,42.4413181578388,0,0,42.4413181578388,0,0,0,0,636.619772367581,84.8826363156775,212.206590789194,0,0,169.765272631355,0,0,0,0,0,0,4880.75158815146,0,169.765272631355,42.4413181578388
"157",0,1188.35690841949,0,0,0,551.737136051904,0,0,169.765272631355,0,0,0,0,0,0,42.4413181578388,0,0,42.4413181578388,0,0,679.06109052542,0,0,0,84.8826363156775,0,0,1315.680862893,0,2037.18327157626,0,0,0,0,0,127.323954473516,0,0,212.206590789194,127.323954473516,0,0,0,0,0,0,0,1358.12218105084,3819.71863420549,0,0,0,0,0,679.06109052542,169.765272631355,42.4413181578388,0,0
"158",0,848.826363156775,0,0,0,42.4413181578388,0,0,763.943726841098,42.4413181578388,0,0,0,0,339.53054526271,127.323954473516,0,0,42.4413181578388,0,0,0,0,0,721.502408683259,127.323954473516,0,0,169.765272631355,0,1358.12218105084,0,169.765272631355,0,0,0,381.971863420549,169.765272631355,0,636.619772367581,297.089227104871,0,0,0,84.8826363156775,0,169.765272631355,0,42.4413181578388,1655.21140815571,0,0,0,0,0,0,1527.8874536822,0,0,0
"159",0,551.737136051904,551.737136051904,0,0,84.8826363156775,636.619772367581,551.737136051904,891.267681314614,0,42.4413181578388,0,0,0,254.647908947033,127.323954473516,0,0,42.4413181578388,0,0,0,0,0,339.53054526271,0,0,0,212.206590789194,0,0,84.8826363156775,0,0,0,0,169.765272631355,0,0,339.53054526271,0,0,0,0,42.4413181578388,636.619772367581,466.854499736226,0,0,1315.680862893,0,0,42.4413181578388,0,84.8826363156775,0,594.178454209743,0,891.267681314614,169.765272631355
"160",0,1570.32877184003,0,0,0,297.089227104871,0,0,551.737136051904,84.8826363156775,0,0,0,0,0,0,0,0,84.8826363156775,0,0,0,0,0,0,0,0,0,1443.00481736652,0,891.267681314614,0,0,0,0,0,0,84.8826363156775,339.53054526271,84.8826363156775,127.323954473516,0,0,0,0,0,0,0,848.826363156775,5899.34322393959,0,0,0,0,0,806.385044998936,339.53054526271,0,0,42.4413181578388
"161",0,721.502408683259,0,0,0,0,0,0,127.323954473516,0,0,0,0,0,0,0,0,0,42.4413181578388,0,0,0,0,0,0,0,0,0,339.53054526271,0,1315.680862893,0,0,0,0,0,381.971863420549,127.323954473516,0,0,127.323954473516,0,0,0,0,0,0,0,2206.94854420762,679.06109052542,0,0,0,0,0,127.323954473516,0,0,0,0
"162",0,2716.24436210168,0,42.4413181578388,0,636.619772367581,0,763.943726841098,381.971863420549,0,0,0,0,0,84.8826363156775,891.267681314614,42.4413181578388,0,1188.35690841949,84.8826363156775,0,0,0,0,0,169.765272631355,0,0,254.647908947033,0,2079.6245897341,42.4413181578388,0,0,0,0,1145.91559026165,42.4413181578388,0,0,169.765272631355,0,0,0,0,0,42.4413181578388,0,42.4413181578388,339.53054526271,0,0,0,0,0,254.647908947033,297.089227104871,0,0,0
"163",0,339.53054526271,0,0,0,42.4413181578388,0,84.8826363156775,0,0,0,0,0,0,0,0,0,0,551.737136051904,0,0,0,0,0,0,0,0,0,763.943726841098,0,636.619772367581,0,0,0,0,933.708999472453,0,0,0,169.765272631355,42.4413181578388,0,0,0,0,0,0,0,424.413181578388,3055.77490736439,0,0,0,0,0,127.323954473516,1527.8874536822,0,0,127.323954473516
"164",0,1443.00481736652,0,0,0,42.4413181578388,0,1740.09404447139,551.737136051904,0,0,0,0,0,0,6196.43245104446,0,0,84.8826363156775,0,0,0,0,0,1485.44613552436,381.971863420549,0,0,1570.32877184003,0,1103.47427210381,0,0,0,42.4413181578388,297.089227104871,1824.97668078707,0,0,509.295817894065,976.150317630291,212.206590789194,509.295817894065,0,0,2206.94854420762,2079.6245897341,0,806.385044998936,466.854499736226,0,0,42.4413181578388,0,42.4413181578388,0,1061.03295394597,636.619772367581,0,381.971863420549
"165",0,2673.80304394384,0,0,0,1740.09404447139,0,169.765272631355,1018.59163578813,0,0,0,0,0,551.737136051904,806.385044998936,551.737136051904,0,42.4413181578388,0,0,0,0,0,0,509.295817894065,466.854499736226,0,551.737136051904,0,594.178454209743,42.4413181578388,0,0,0,127.323954473516,297.089227104871,0,0,42.4413181578388,0,0,0,0,1061.03295394597,0,42.4413181578388,0,127.323954473516,42.4413181578388,0,0,0,0,0,169.765272631355,42.4413181578388,6578.40431446501,2206.94854420762,0
"166",0,297.089227104871,0,339.53054526271,0,127.323954473516,3225.54017999575,1400.56349920868,127.323954473516,0,0,0,0,0,212.206590789194,84.8826363156775,0,0,297.089227104871,297.089227104871,0,0,0,0,2206.94854420762,0,0,0,127.323954473516,0,254.647908947033,0,0,0,0,0,297.089227104871,0,42.4413181578388,254.647908947033,42.4413181578388,0,0,0,1909.85931710274,0,0,0,0,297.089227104871,0,0,0,0,84.8826363156775,0,0,0,2546.47908947033,0
"167",0,42.4413181578388,42.4413181578388,0,0,127.323954473516,0,466.854499736226,0,0,0,0,0,0,0,0,0,0,763.943726841098,806.385044998936,0,0,0,0,679.06109052542,42.4413181578388,0,0,169.765272631355,0,636.619772367581,0,0,0,0,0,0,0,0,0,84.8826363156775,0,0,0,0,0,0,0,0,254.647908947033,0,84.8826363156775,0,0,42.4413181578388,0,0,0,0,0
"168",3480.18808894278,0,0,0,0,0,0,127.323954473516,0,0,0,0,0,1612.77008999787,0,169.765272631355,0,0,0,0,0,0,0,0,679.06109052542,0,1188.35690841949,0,0,42.4413181578388,0,42.4413181578388,0,933.708999472453,0,0,0,0,0,0,0,0,0,0,1824.97668078707,2334.27249868113,0,0,0,0,0,0,339.53054526271,42.4413181578388,0,0,0,0,0,381.971863420549
"169",0,42.4413181578388,0,0,0,0,0,2206.94854420762,42.4413181578388,0,0,0,0,0,212.206590789194,254.647908947033,0,0,0,551.737136051904,0,1018.59163578813,0,0,763.943726841098,0,0,0,1273.23954473516,0,297.089227104871,169.765272631355,0,0,0,0,0,0,0,0,0,0,0,0,424.413181578388,169.765272631355,2206.94854420762,0,0,42.4413181578388,0,0,0,0,0,0,509.295817894065,10016.1510852499,466.854499736226,127.323954473516
"170",0,42.4413181578388,0,0,0,0,0,0,0,0,0,0,0,0,0,0,0,0,933.708999472453,42.4413181578388,0,42.4413181578388,0,0,0,0,0,0,42.4413181578388,0,381.971863420549,0,0,0,0,0,0,0,0,0,0,0,0,0,0,0,0,0,0,721.502408683259,0,0,0,0,0,0,42.4413181578388,0,0,0
"171",0,0,127.323954473516,0,0,0,0,0,42.4413181578388,0,0,0,0,0,0,0,0,0,339.53054526271,254.647908947033,42.4413181578388,1527.8874536822,0,0,169.765272631355,0,0,0,254.647908947033,0,0,0,0,0,0,0,0,0,0,0,0,0,0,0,0,0,0,0,0,0,0,0,127.323954473516,0,0,0,297.089227104871,0,0,0
"172",0,2801.12699841736,0,0,0,169.765272631355,0,0,381.971863420549,0,0,0,0,0,127.323954473516,0,0,0,0,0,0,0,0,0,0,0,0,0,848.826363156775,0,636.619772367581,0,0,0,0,0,84.8826363156775,42.4413181578388,212.206590789194,127.323954473516,381.971863420549,0,0,0,0,0,0,0,42.4413181578388,5687.13663315039,0,0,0,0,0,42.4413181578388,509.295817894065,0,0,42.4413181578388
"173",0,212.206590789194,0,0,0,0,0,0,84.8826363156775,0,0,42.4413181578388,0,0,42.4413181578388,0,509.295817894065,0,42.4413181578388,0,0,0,0,0,0,0,0,0,127.323954473516,0,297.089227104871,0,763.943726841098,0,1230.79822657732,169.765272631355,381.971863420549,42.4413181578388,84.8826363156775,42.4413181578388,84.8826363156775,0,763.943726841098,0,42.4413181578388,2546.47908947033,127.323954473516,0,84.8826363156775,976.150317630291,0,0,0,0,0,0,0,0,0,212.206590789194
"174",0,0,169.765272631355,127.323954473516,0,84.8826363156775,0,169.765272631355,551.737136051904,0,0,2843.5683165752,0,0,127.323954473516,0,0,42.4413181578388,169.765272631355,212.206590789194,0,0,0,0,0,0,0,0,381.971863420549,0,0,0,0,0,0,0,169.765272631355,0,84.8826363156775,0,339.53054526271,0,0,0,0,0,0,0,42.4413181578388,3055.77490736439,42.4413181578388,0,42.4413181578388,0,127.323954473516,0,42.4413181578388,0,0,84.8826363156775
"175",0,1697.65272631355,0,84.8826363156775,0,0,0,0,1230.79822657732,0,0,0,0,0,0,254.647908947033,42.4413181578388,0,0,84.8826363156775,0,0,0,0,84.8826363156775,679.06109052542,381.971863420549,0,806.385044998936,0,509.295817894065,84.8826363156775,0,212.206590789194,254.647908947033,212.206590789194,0,0,381.971863420549,169.765272631355,169.765272631355,169.765272631355,381.971863420549,0,42.4413181578388,6281.31508736014,0,0,0,4031.92522499468,0,0,0,127.323954473516,42.4413181578388,0,0,0,0,212.206590789194
"176",0,2801.12699841736,0,0,0,254.647908947033,0,0,551.737136051904,0,0,0,0,0,169.765272631355,0,0,0,0,212.206590789194,0,0,0,0,0,0,0,0,806.385044998936,42.4413181578388,297.089227104871,0,0,0,0,0,297.089227104871,0,551.737136051904,254.647908947033,1909.85931710274,0,0,0,0,0,0,0,1018.59163578813,1994.74195341842,0,0,42.4413181578388,0,0,84.8826363156775,1782.53536262923,0,0,0
"177",0,254.647908947033,169.765272631355,127.323954473516,0,42.4413181578388,0,169.765272631355,1188.35690841949,0,0,0,0,0,84.8826363156775,169.765272631355,0,0,127.323954473516,0,0,0,0,0,551.737136051904,42.4413181578388,0,0,212.206590789194,0,594.178454209743,0,0,0,0,0,339.53054526271,169.765272631355,169.765272631355,466.854499736226,806.385044998936,0,0,0,466.854499736226,254.647908947033,2843.5683165752,0,0,2970.89227104871,0,0,0,0,42.4413181578388,0,1103.47427210381,0,0,127.323954473516
"178",0,1018.59163578813,0,0,0,636.619772367581,0,0,509.295817894065,0,0,0,0,0,0,0,0,0,594.178454209743,84.8826363156775,0,0,0,0,0,0,0,0,381.971863420549,0,381.971863420549,0,0,0,0,0,1188.35690841949,0,3098.21622552223,1612.77008999787,424.413181578388,0,0,0,0,84.8826363156775,0,0,339.53054526271,4456.33840657307,0,0,42.4413181578388,0,0,381.971863420549,42.4413181578388,0,0,0
"179",0,2291.83118052329,0,0,0,84.8826363156775,0,0,1400.56349920868,0,0,0,0,0,169.765272631355,0,0,0,84.8826363156775,0,0,0,0,0,0,0,0,0,679.06109052542,0,297.089227104871,0,0,0,0,84.8826363156775,636.619772367581,42.4413181578388,0,212.206590789194,339.53054526271,0,0,0,0,424.413181578388,0,0,806.385044998936,1867.41799894491,0,0,0,0,0,42.4413181578388,1230.79822657732,84.8826363156775,0,0
"180",0,42.4413181578388,42.4413181578388,0,0,339.53054526271,0,0,169.765272631355,0,0,0,0,0,169.765272631355,169.765272631355,0,84.8826363156775,169.765272631355,1655.21140815571,0,0,0,0,2970.89227104871,0,0,0,42.4413181578388,0,0,42.4413181578388,0,0,0,0,127.323954473516,0,0,42.4413181578388,84.8826363156775,0,0,0,0,42.4413181578388,0,0,1145.91559026165,5772.01926946607,0,0,42.4413181578388,0,0,212.206590789194,0,0,0,0
"181",0,84.8826363156775,0,0,0,0,0,721.502408683259,1867.41799894491,0,0,0,0,0,636.619772367581,84.8826363156775,0,0,127.323954473516,0,0,0,0,0,0,0,0,0,636.619772367581,0,891.267681314614,0,0,0,42.4413181578388,0,679.06109052542,339.53054526271,1867.41799894491,0,1103.47427210381,0,0,0,509.295817894065,84.8826363156775,636.619772367581,0,42.4413181578388,3480.18808894278,0,0,0,0,0,0,127.323954473516,0,0,84.8826363156775
"182",0,0,127.323954473516,0,0,466.854499736226,0,42.4413181578388,721.502408683259,0,0,254.647908947033,0,0,0,0,0,0,0,2716.24436210168,0,0,0,0,0,0,0,0,0,0,0,42.4413181578388,0,0,0,84.8826363156775,933.708999472453,0,1230.79822657732,721.502408683259,297.089227104871,0,381.971863420549,0,0,4626.10367920442,169.765272631355,0,42.4413181578388,3777.27731604765,0,0,0,0,42.4413181578388,0,0,0,0,169.765272631355
"183",0,1145.91559026165,0,0,0,84.8826363156775,0,933.708999472453,1061.03295394597,169.765272631355,0,0,0,0,84.8826363156775,381.971863420549,0,0,0,0,0,0,0,0,0,0,0,0,594.178454209743,0,594.178454209743,0,0,0,0,0,3734.83599788981,0,0,509.295817894065,933.708999472453,0,0,0,0,0,84.8826363156775,0,84.8826363156775,1909.85931710274,0,0,42.4413181578388,0,0,84.8826363156775,0,169.765272631355,0,84.8826363156775
"184",0,679.06109052542,0,0,0,0,0,0,466.854499736226,42.4413181578388,0,0,0,0,169.765272631355,169.765272631355,0,0,0,0,0,0,0,0,0,254.647908947033,0,0,1145.91559026165,0,721.502408683259,169.765272631355,0,0,0,84.8826363156775,127.323954473516,0,254.647908947033,763.943726841098,679.06109052542,0,0,0,0,0,1103.47427210381,0,466.854499736226,1358.12218105084,0,0,0,0,0,976.150317630291,212.206590789194,0,0,42.4413181578388
"185",0,254.647908947033,0,0,0,0,0,0,339.53054526271,0,0,0,0,0,0,0,0,84.8826363156775,0,551.737136051904,0,0,0,0,0,466.854499736226,84.8826363156775,0,0,0,0,254.647908947033,0,0,1443.00481736652,84.8826363156775,254.647908947033,297.089227104871,42.4413181578388,297.089227104871,42.4413181578388,1400.56349920868,1909.85931710274,0,0,4456.33840657307,1570.32877184003,0,509.295817894065,9549.29658551372,0,254.647908947033,127.323954473516,0,127.323954473516,42.4413181578388,636.619772367581,0,0,679.06109052542
"186",0,3395.3054526271,254.647908947033,0,0,0,0,509.295817894065,1230.79822657732,0,0,0,0,0,466.854499736226,636.619772367581,0,84.8826363156775,42.4413181578388,127.323954473516,0,0,0,127.323954473516,0,721.502408683259,2461.59645315465,0,254.647908947033,0,127.323954473516,127.323954473516,0,0,339.53054526271,297.089227104871,127.323954473516,127.323954473516,0,42.4413181578388,721.502408683259,127.323954473516,127.323954473516,0,509.295817894065,466.854499736226,509.295817894065,0,169.765272631355,1400.56349920868,0,0,0,0,42.4413181578388,0,2122.06590789194,0,0,212.206590789194
"187",0,297.089227104871,0,0,0,254.647908947033,0,0,1740.09404447139,0,0,0,0,0,169.765272631355,0,0,0,127.323954473516,254.647908947033,0,0,0,0,0,0,0,0,42.4413181578388,0,806.385044998936,0,0,0,84.8826363156775,0,169.765272631355,0,848.826363156775,0,933.708999472453,0,0,0,0,0,42.4413181578388,0,127.323954473516,2546.47908947033,0,0,0,0,0,0,976.150317630291,0,0,84.8826363156775
"188",0,84.8826363156775,0,0,0,0,0,0,127.323954473516,0,0,0,0,0,0,254.647908947033,0,0,0,594.178454209743,0,42.4413181578388,0,0,5687.13663315039,0,0,0,84.8826363156775,0,127.323954473516,42.4413181578388,0,0,0,0,0,0,84.8826363156775,42.4413181578388,0,0,0,0,1782.53536262923,424.413181578388,806.385044998936,0,0,1018.59163578813,0,0,0,0,84.8826363156775,0,0,0,42.4413181578388,721.502408683259
"189",0,3692.39467973197,0,0,0,0,0,0,1145.91559026165,0,0,0,0,0,0,0,0,0,0,0,0,0,0,0,0,0,0,0,1188.35690841949,0,848.826363156775,0,0,0,0,0,42.4413181578388,42.4413181578388,12095.775674984,254.647908947033,976.150317630291,0,0,0,0,2801.12699841736,381.971863420549,0,84.8826363156775,4880.75158815146,0,0,0,0,0,976.150317630291,0,0,0,127.323954473516
"190",0,1697.65272631355,42.4413181578388,0,0,1273.23954473516,0,0,1527.8874536822,0,0,0,0,0,0,0,42.4413181578388,0,127.323954473516,42.4413181578388,0,0,0,0,0,84.8826363156775,0,0,891.267681314614,0,254.647908947033,0,0,0,84.8826363156775,127.323954473516,3947.042588679,424.413181578388,3225.54017999575,1188.35690841949,1485.44613552436,763.943726841098,84.8826363156775,0,42.4413181578388,3734.83599788981,127.323954473516,0,84.8826363156775,424.413181578388,0,0,0,0,42.4413181578388,0,0,0,0,84.8826363156775
"191",551.737136051904,254.647908947033,0,0,0,0,0,0,84.8826363156775,0,0,891.267681314614,0,0,0,0,0,0,84.8826363156775,381.971863420549,0,0,0,0,0,0,0,0,42.4413181578388,0,0,169.765272631355,42.4413181578388,0,127.323954473516,0,0,0,169.765272631355,0,84.8826363156775,0,0,0,254.647908947033,1824.97668078707,1018.59163578813,0,42.4413181578388,6069.10849657094,0,0,127.323954473516,0,84.8826363156775,0,0,0,0,84.8826363156775
"192",0,806.385044998936,0,0,0,0,0,0,551.737136051904,0,0,0,0,0,169.765272631355,0,0,0,0,0,0,0,0,0,0,127.323954473516,0,0,212.206590789194,339.53054526271,0,0,42.4413181578388,0,127.323954473516,0,127.323954473516,0,0,127.323954473516,933.708999472453,0,0,0,0,381.971863420549,297.089227104871,0,127.323954473516,4668.54499736226,0,0,0,0,0,127.323954473516,0,0,0,169.765272631355
"193",0,339.53054526271,933.708999472453,42.4413181578388,0,0,0,0,42.4413181578388,0,0,0,0,0,84.8826363156775,0,0,0,0,0,0,0,0,0,0,0,0,0,0,0,0,0,0,0,0,0,0,0,0,0,0,0,0,0,0,0,0,0,0,1485.44613552436,0,0,0,0,0,0,551.737136051904,0,0,0
"194",0,3522.62940710062,0,42.4413181578388,0,0,0,42.4413181578388,381.971863420549,0,0,0,0,0,42.4413181578388,0,42.4413181578388,381.971863420549,42.4413181578388,1188.35690841949,0,0,1018.59163578813,0,0,1018.59163578813,297.089227104871,0,0,254.647908947033,636.619772367581,0,0,0,1315.680862893,84.8826363156775,0,0,212.206590789194,0,551.737136051904,212.206590789194,42.4413181578388,0,339.53054526271,5517.37136051904,2206.94854420762,0,0,891.267681314614,1867.41799894491,0,0,0,254.647908947033,42.4413181578388,0,0,0,551.737136051904
"195",0,212.206590789194,0,42.4413181578388,0,42.4413181578388,0,84.8826363156775,381.971863420549,0,0,0,0,0,0,0,0,0,424.413181578388,0,0,0,0,0,0,0,0,0,84.8826363156775,0,84.8826363156775,0,0,0,0,0,0,0,42.4413181578388,42.4413181578388,127.323954473516,0,0,0,0,0,0,0,0,4031.92522499468,0,0,0,0,0,127.323954473516,1273.23954473516,0,0,0
"196",0,424.413181578388,42.4413181578388,0,84.8826363156775,0,0,679.06109052542,976.150317630291,0,0,169.765272631355,0,0,424.413181578388,1061.03295394597,0,42.4413181578388,42.4413181578388,0,0,0,0,0,84.8826363156775,169.765272631355,5941.78454209743,0,212.206590789194,0,0,42.4413181578388,0,0,0,0,339.53054526271,0,0,0,551.737136051904,0,0,0,5474.9300423612,2801.12699841736,2546.47908947033,0,297.089227104871,1443.00481736652,0,0,0,0,169.765272631355,42.4413181578388,297.089227104871,0,0,551.737136051904
"197",0,1782.53536262923,381.971863420549,0,0,0,0,42.4413181578388,2419.15513499681,0,0,0,0,0,127.323954473516,0,0,0,0,0,0,0,0,0,42.4413181578388,0,0,0,1018.59163578813,0,0,42.4413181578388,0,0,0,0,509.295817894065,0,84.8826363156775,0,551.737136051904,0,0,0,0,0,806.385044998936,0,2122.06590789194,1061.03295394597,0,0,42.4413181578388,0,212.206590789194,127.323954473516,212.206590789194,0,84.8826363156775,381.971863420549
"198",0,551.737136051904,0,0,0,0,0,42.4413181578388,933.708999472453,0,0,0,0,0,169.765272631355,679.06109052542,0,0,42.4413181578388,84.8826363156775,0,0,0,0,0,42.4413181578388,0,0,466.854499736226,0,466.854499736226,0,0,0,42.4413181578388,0,424.413181578388,42.4413181578388,0,891.267681314614,1655.21140815571,0,0,0,0,0,1103.47427210381,0,42.4413181578388,3140.65754368007,0,0,0,0,0,0,169.765272631355,0,0,42.4413181578388
"199",0,127.323954473516,0,0,0,0,0,0,212.206590789194,0,0,0,0,0,381.971863420549,848.826363156775,0,0,0,42.4413181578388,0,0,0,42.4413181578388,127.323954473516,254.647908947033,0,0,933.708999472453,0,169.765272631355,297.089227104871,0,0,127.323954473516,0,84.8826363156775,84.8826363156775,0,169.765272631355,254.647908947033,0,0,0,4965.63422446713,1740.09404447139,2164.50722604978,0,169.765272631355,424.413181578388,0,0,127.323954473516,0,1443.00481736652,0,2801.12699841736,0,0,254.647908947033
"200",0,3183.09886183791,0,0,0,0,0,0,84.8826363156775,0,0,0,0,0,84.8826363156775,42.4413181578388,0,0,0,42.4413181578388,0,0,0,0,0,0,0,0,381.971863420549,0,212.206590789194,0,0,0,0,0,42.4413181578388,127.323954473516,254.647908947033,42.4413181578388,84.8826363156775,0,0,0,0,0,0,0,42.4413181578388,7172.58276867475,0,0,0,0,0,721.502408683259,0,0,0,0
"201",0,0,424.413181578388,0,0,0,0,0,84.8826363156775,0,0,0,0,0,0,169.765272631355,0,0,0,0,0,0,0,0,84.8826363156775,84.8826363156775,0,0,0,0,0,0,0,0,0,0,0,0,0,127.323954473516,169.765272631355,0,0,0,0,0,42.4413181578388,0,127.323954473516,297.089227104871,0,0,0,0,0,0,339.53054526271,0,0,42.4413181578388
"202",0,1655.21140815571,0,0,0,0,0,0,1358.12218105084,84.8826363156775,0,0,0,0,169.765272631355,0,0,0,0,0,0,0,0,0,0,84.8826363156775,0,0,212.206590789194,0,0,254.647908947033,0,0,0,551.737136051904,84.8826363156775,297.089227104871,0,0,636.619772367581,0,0,0,0,42.4413181578388,1188.35690841949,0,1655.21140815571,4074.36654315252,0,0,212.206590789194,0,0,169.765272631355,721.502408683259,0,42.4413181578388,339.53054526271
"203",0,0,297.089227104871,0,0,0,636.619772367581,127.323954473516,169.765272631355,42.4413181578388,0,0,0,0,42.4413181578388,424.413181578388,0,0,0,3310.42281631142,0,127.323954473516,0,0,2588.92040762816,84.8826363156775,0,0,42.4413181578388,0,127.323954473516,0,0,0,0,0,0,0,0,42.4413181578388,0,0,0,0,169.765272631355,169.765272631355,509.295817894065,0,0,2801.12699841736,0,0,0,0,0,0,127.323954473516,0,0,0
"204",0,1655.21140815571,0,0,0,84.8826363156775,0,0,339.53054526271,0,0,0,0,0,0,0,0,0,933.708999472453,0,0,0,0,0,0,0,0,0,42.4413181578388,0,212.206590789194,0,0,0,0,0,0,0,976.150317630291,254.647908947033,381.971863420549,0,0,0,0,0,0,0,42.4413181578388,1018.59163578813,0,0,0,0,0,0,297.089227104871,0,0,42.4413181578388
"205",0,763.943726841098,0,0,0,0,0,679.06109052542,381.971863420549,0,0,0,0,0,381.971863420549,42.4413181578388,0,127.323954473516,0,636.619772367581,0,0,0,0,0,0,0,0,169.765272631355,0,0,0,0,0,0,0,381.971863420549,127.323954473516,0,84.8826363156775,381.971863420549,84.8826363156775,0,0,84.8826363156775,594.178454209743,806.385044998936,0,42.4413181578388,1655.21140815571,0,0,42.4413181578388,0,0,0,297.089227104871,0,0,551.737136051904
"206",0,297.089227104871,0,0,0,127.323954473516,0,0,212.206590789194,42.4413181578388,0,0,0,0,42.4413181578388,0,0,0,339.53054526271,42.4413181578388,0,0,0,0,0,0,0,0,594.178454209743,0,339.53054526271,0,0,0,0,0,0,0,0,84.8826363156775,84.8826363156775,0,0,0,0,0,0,0,424.413181578388,4116.80786131036,0,0,0,0,0,0,127.323954473516,0,0,0
"207",0,2037.18327157626,0,0,0,827.605704077856,0,4392.67642933631,1018.59163578813,190.985931710274,0,0,63.6619772367581,0,63.6619772367581,254.647908947033,0,0,63.6619772367581,0,0,0,0,0,0,445.633840657307,0,0,636.619772367581,0,127.323954473516,0,0,0,0,190.985931710274,254.647908947033,0,0,1400.56349920868,63.6619772367581,0,0,0,63.6619772367581,0,0,0,0,2037.18327157626,0,0,0,0,0,0,1655.21140815571,0,0,0
"208",0,254.647908947033,254.647908947033,169.765272631355,0,42.4413181578388,0,2546.47908947033,594.178454209743,0,0,381.971863420549,0,0,169.765272631355,0,0,0,1952.30063526058,891.267681314614,0,0,0,0,0,3607.51204341629,0,0,381.971863420549,0,42.4413181578388,84.8826363156775,0,0,0,84.8826363156775,848.826363156775,0,42.4413181578388,42.4413181578388,127.323954473516,0,0,0,0,5390.04740604552,594.178454209743,0,0,1018.59163578813,0,0,0,0,0,0,0,0,0,254.647908947033
"209",0,42.4413181578388,0,0,0,0,0,424.413181578388,0,0,0,0,0,7045.25881420123,0,127.323954473516,0,0,0,0,0,0,0,0,42.4413181578388,0,169.765272631355,0,551.737136051904,0,0,42.4413181578388,0,0,0,0,0,0,0,0,0,0,381.971863420549,0,4838.31026999362,254.647908947033,721.502408683259,0,0,0,42.4413181578388,0,84.8826363156775,84.8826363156775,0,0,0,0,0,509.295817894065
"210",0,679.06109052542,0,0,0,212.206590789194,0,2334.27249868113,127.323954473516,42.4413181578388,0,0,0,0,127.323954473516,1443.00481736652,0,0,84.8826363156775,84.8826363156775,0,0,1740.09404447139,0,2334.27249868113,424.413181578388,9591.73790367156,0,297.089227104871,0,42.4413181578388,42.4413181578388,0,0,0,127.323954473516,509.295817894065,0,0,0,0,297.089227104871,127.323954473516,0,509.295817894065,1867.41799894491,594.178454209743,0,84.8826363156775,848.826363156775,0,0,0,0,169.765272631355,0,84.8826363156775,3140.65754368007,594.178454209743,0
